,ENSG,Symbol
0,ENSG00000000005,TNMD
1,ENSG00000000938,FGR
2,ENSG00000000971,CFH
3,ENSG00000001626,CFTR
4,ENSG00000002587,HS3ST1
5,ENSG00000002726,AOC1
6,ENSG00000002746,HECW1
7,ENSG00000002933,TMEM176A
8,ENSG00000003137,CYP26B1
9,ENSG00000003436,TFPI
10,ENSG00000003989,SLC7A2
11,ENSG00000004399,PLXND1
12,ENSG00000004468,CD38
13,ENSG00000004776,HSPB6
14,ENSG00000004799,PDK4
15,ENSG00000004939,SLC4A1
16,ENSG00000005001,PRSS22
17,ENSG00000005102,MEOX1
18,ENSG00000005108,THSD7A
19,ENSG00000005243,COPZ2
20,ENSG00000005513,SOX8
21,ENSG00000006016,CRLF1
22,ENSG00000006062,MAP3K14
23,ENSG00000006074,CCL18
24,ENSG00000006075,CCL3
25,ENSG00000006118,TMEM132A
26,ENSG00000006128,TAC1
27,ENSG00000006210,CX3CL1
28,ENSG00000006327,TNFRSF12A
29,ENSG00000006606,CCL26
30,ENSG00000006625,GGCT
31,ENSG00000007062,PROM1
32,ENSG00000007171,NOS2
33,ENSG00000007264,MATK
34,ENSG00000007306,CEACAM7
35,ENSG00000007312,CD79B
36,ENSG00000007908,SELE
37,ENSG00000007933,FMO3
38,ENSG00000008196,TFAP2B
39,ENSG00000008294,SPAG9
40,ENSG00000008394,MGST1
41,ENSG00000008517,IL32
42,ENSG00000010017,RANBP9
43,ENSG00000010310,GIPR
44,ENSG00000010319,SEMA3G
45,ENSG00000010327,STAB1
46,ENSG00000010438,PRSS3
47,ENSG00000010610,CD4
48,ENSG00000010932,FMO1
49,ENSG00000011028,MRC2
50,ENSG00000011198,ABHD5
51,ENSG00000011422,PLAUR
52,ENSG00000011426,ANLN
53,ENSG00000011465,DCN
54,ENSG00000011600,TYROBP
55,ENSG00000012124,CD22
56,ENSG00000012223,LTF
57,ENSG00000013297,CLDN11
58,ENSG00000013374,NUB1
59,ENSG00000013588,GPRC5A
60,ENSG00000014257,ACP3
61,ENSG00000015413,DPEP1
62,ENSG00000015475,BID
63,ENSG00000017427,IGF1
64,ENSG00000018280,SLC11A1
65,ENSG00000018625,ATP1A2
66,ENSG00000019102,VSIG2
67,ENSG00000019169,MARCO
68,ENSG00000019549,SNAI2
69,ENSG00000019582,CD74
70,ENSG00000019991,HGF
71,ENSG00000019995,ZRANB1
72,ENSG00000020633,RUNX3
73,ENSG00000021355,SERPINB1
74,ENSG00000022267,FHL1
75,ENSG00000023287,RB1CC1
76,ENSG00000023445,BIRC3
77,ENSG00000025434,NR1H3
78,ENSG00000026025,VIM
79,ENSG00000026751,SLAMF7
80,ENSG00000028137,TNFRSF1B
81,ENSG00000028277,POU2F2
82,ENSG00000029153,BMAL2
83,ENSG00000034152,MAP2K3
84,ENSG00000034713,GABARAPL2
85,ENSG00000035862,TIMP2
86,ENSG00000036448,MYOM2
87,ENSG00000036530,CYP46A1
88,ENSG00000036672,USP2
89,ENSG00000037280,FLT4
90,ENSG00000038427,VCAN
91,ENSG00000038945,MSR1
92,ENSG00000039560,RAI14
93,ENSG00000041515,MYO16
94,ENSG00000041982,TNC
95,ENSG00000044012,GUCA2B
96,ENSG00000044524,EPHA3
97,ENSG00000044574,HSPA5
98,ENSG00000046604,DSG2
99,ENSG00000046653,GPM6B
100,ENSG00000046889,PREX2
101,ENSG00000047365,ARAP2
102,ENSG00000047457,CP
103,ENSG00000048052,HDAC9
104,ENSG00000048462,TNFRSF17
105,ENSG00000049247,UTS2
106,ENSG00000049249,TNFRSF9
107,ENSG00000049283,EPN3
108,ENSG00000049323,LTBP1
109,ENSG00000049449,RCN1
110,ENSG00000049540,ELN
111,ENSG00000049656,CLPTM1L
112,ENSG00000049759,NEDD4L
113,ENSG00000049768,FOXP3
114,ENSG00000050165,DKK3
115,ENSG00000050393,MCUR1
116,ENSG00000050628,PTGER3
117,ENSG00000050730,TNIP3
118,ENSG00000051108,HERPUD1
119,ENSG00000052126,PLEKHA5
120,ENSG00000052344,PRSS8
121,ENSG00000052795,FNIP2
122,ENSG00000052802,MSMO1
123,ENSG00000054219,LY75
124,ENSG00000054277,OPN3
125,ENSG00000054356,PTPRN
126,ENSG00000054523,KIF1B
127,ENSG00000054598,FOXC1
128,ENSG00000054938,CHRDL2
129,ENSG00000055732,MCOLN3
130,ENSG00000056558,TRAF1
131,ENSG00000057149,SERPINB3
132,ENSG00000057252,SOAT1
133,ENSG00000057657,PRDM1
134,ENSG00000057704,TMCC3
135,ENSG00000058085,LAMC2
136,ENSG00000059728,MXD1
137,ENSG00000059804,SLC2A3
138,ENSG00000060718,COL11A1
139,ENSG00000060982,BCAT1
140,ENSG00000061656,SPAG4
141,ENSG00000062282,DGAT2
142,ENSG00000064205,CCN5
143,ENSG00000064270,ATP2C2
144,ENSG00000064300,NGFR
145,ENSG00000064886,CHI3L2
146,ENSG00000064989,CALCRL
147,ENSG00000065054,NHERF2
148,ENSG00000065320,NTN1
149,ENSG00000065361,ERBB3
150,ENSG00000065534,MYLK
151,ENSG00000065618,COL17A1
152,ENSG00000065833,ME1
153,ENSG00000066056,TIE1
154,ENSG00000066279,ASPM
155,ENSG00000066294,CD84
156,ENSG00000066336,SPI1
157,ENSG00000066735,KIF26A
158,ENSG00000066827,ZFAT
159,ENSG00000067064,IDI1
160,ENSG00000067113,PLPP1
161,ENSG00000067798,NAV3
162,ENSG00000068001,HYAL2
163,ENSG00000068366,ACSL4
164,ENSG00000068912,ERLEC1
165,ENSG00000069011,PITX1
166,ENSG00000069122,ADGRF5
167,ENSG00000069431,ABCC9
168,ENSG00000069482,GAL
169,ENSG00000069696,DRD4
170,ENSG00000070031,SCT
171,ENSG00000070081,NUCB2
172,ENSG00000070190,DAPP1
173,ENSG00000070193,FGF10
174,ENSG00000070610,GBA2
175,ENSG00000070915,SLC12A3
176,ENSG00000071205,ARHGAP10
177,ENSG00000071246,VASH1
178,ENSG00000071282,LMCD1
179,ENSG00000071537,SEL1L
180,ENSG00000071967,CYBRD1
181,ENSG00000071991,CDH19
182,ENSG00000072201,LNX1
183,ENSG00000072274,TFRC
184,ENSG00000072401,UBE2D1
185,ENSG00000072571,HMMR
186,ENSG00000072682,P4HA2
187,ENSG00000072694,FCGR2B
188,ENSG00000072952,IRAG1
189,ENSG00000073578,SDHA
190,ENSG00000073734,ABCB11
191,ENSG00000073737,DHRS9
192,ENSG00000073756,PTGS2
193,ENSG00000073849,ST6GAL1
194,ENSG00000074181,NOTCH3
195,ENSG00000074317,SNCB
196,ENSG00000074410,CA12
197,ENSG00000074416,MGLL
198,ENSG00000074590,NUAK1
199,ENSG00000074695,LMAN1
200,ENSG00000074842,MYDGF
201,ENSG00000075218,GTSE1
202,ENSG00000075223,SEMA3C
203,ENSG00000075391,RASAL2
204,ENSG00000075420,FNDC3B
205,ENSG00000075618,FSCN1
206,ENSG00000075673,ATP12A
207,ENSG00000076513,ANKRD13A
208,ENSG00000076706,MCAM
209,ENSG00000076716,GPC4
210,ENSG00000077274,CAPN6
211,ENSG00000077498,TYR
212,ENSG00000077522,ACTN2
213,ENSG00000077782,FGFR1
214,ENSG00000077942,FBLN1
215,ENSG00000077984,CST7
216,ENSG00000078018,MAP2
217,ENSG00000078081,LAMP3
218,ENSG00000078098,FAP
219,ENSG00000078269,SYNJ2
220,ENSG00000078401,EDN1
221,ENSG00000078596,ITM2A
222,ENSG00000079102,RUNX1T1
223,ENSG00000079112,CDH17
224,ENSG00000079215,SLC1A3
225,ENSG00000079385,CEACAM1
226,ENSG00000080166,DCT
227,ENSG00000080573,COL5A3
228,ENSG00000081041,CXCL2
229,ENSG00000081189,MEF2C
230,ENSG00000081277,PKP1
231,ENSG00000082153,BZW1
232,ENSG00000082196,C1QTNF3
233,ENSG00000082397,EPB41L3
234,ENSG00000082482,KCNK2
235,ENSG00000083782,EPYC
236,ENSG00000083896,YTHDC1
237,ENSG00000084110,HAL
238,ENSG00000084636,COL16A1
239,ENSG00000084674,APOB
240,ENSG00000084731,KIF3C
241,ENSG00000085265,FCN1
242,ENSG00000085276,MECOM
243,ENSG00000085514,PILRA
244,ENSG00000085662,AKR1B1
245,ENSG00000086300,SNX10
246,ENSG00000086506,HBQ1
247,ENSG00000086544,ITPKC
248,ENSG00000086548,CEACAM6
249,ENSG00000086967,MYBPC2
250,ENSG00000087086,FTL
251,ENSG00000087116,ADAMTS2
252,ENSG00000087128,TMPRSS11E
253,ENSG00000087237,CETP
254,ENSG00000087245,MMP2
255,ENSG00000087303,NID2
256,ENSG00000087494,PTHLH
257,ENSG00000087916,SLC6A14
258,ENSG00000088002,SULT2B1
259,ENSG00000088320,REM1
260,ENSG00000088325,TPX2
261,ENSG00000088386,SLC15A1
262,ENSG00000088726,TMEM40
263,ENSG00000088827,SIGLEC1
264,ENSG00000088882,CPXM1
265,ENSG00000089199,CHGB
266,ENSG00000089685,BIRC5
267,ENSG00000089692,LAG3
268,ENSG00000090104,RGS1
269,ENSG00000090339,ICAM1
270,ENSG00000090382,LYZ
271,ENSG00000090659,CD209
272,ENSG00000090920,FCGBP
273,ENSG00000091136,LAMB1
274,ENSG00000091137,SLC26A4
275,ENSG00000091181,IL5RA
276,ENSG00000091409,ITGA6
277,ENSG00000091436,MAP3K20
278,ENSG00000091656,ZFHX4
279,ENSG00000091879,ANGPT2
280,ENSG00000091972,CD200
281,ENSG00000091986,CCDC80
282,ENSG00000092009,CMA1
283,ENSG00000092148,HECTD1
284,ENSG00000092295,TGM1
285,ENSG00000092529,CAPN3
286,ENSG00000092853,CLSPN
287,ENSG00000092964,DPYSL2
288,ENSG00000092969,TGFB2
289,ENSG00000093072,ADA2
290,ENSG00000093134,VNN3P
291,ENSG00000094755,GABRP
292,ENSG00000094796,KRT31
293,ENSG00000094963,FMO2
294,ENSG00000095713,CRTAC1
295,ENSG00000095739,BAMBI
296,ENSG00000095752,IL11
297,ENSG00000095794,CREM
298,ENSG00000095917,TPSD1
299,ENSG00000095970,TREM2
300,ENSG00000096006,CRISP3
301,ENSG00000096696,DSP
302,ENSG00000096717,SIRT1
303,ENSG00000097021,ACOT7
304,ENSG00000099139,PCSK5
305,ENSG00000099194,SCD
306,ENSG00000099250,NRP1
307,ENSG00000099812,MISP
308,ENSG00000099860,GADD45B
309,ENSG00000099866,MADCAM1
310,ENSG00000099937,SERPIND1
311,ENSG00000099953,MMP11
312,ENSG00000099958,DERL3
313,ENSG00000099985,OSM
314,ENSG00000099998,GGT5
315,ENSG00000100079,LGALS2
316,ENSG00000100097,LGALS1
317,ENSG00000100146,SOX10
318,ENSG00000100162,CENPM
319,ENSG00000100170,SLC5A1
320,ENSG00000100196,KDELR3
321,ENSG00000100219,XBP1
322,ENSG00000100234,TIMP3
323,ENSG00000100285,NEFH
324,ENSG00000100292,HMOX1
325,ENSG00000100302,RASD2
326,ENSG00000100362,PVALB
327,ENSG00000100368,CSF2RB
328,ENSG00000100385,IL2RB
329,ENSG00000100427,MLC1
330,ENSG00000100448,CTSG
331,ENSG00000100450,GZMH
332,ENSG00000100453,GZMB
333,ENSG00000100473,COCH
334,ENSG00000100526,CDKN3
335,ENSG00000100600,LGMN
336,ENSG00000100644,HIF1A
337,ENSG00000100721,TCL1A
338,ENSG00000100739,BDKRB1
339,ENSG00000100767,PAPLN
340,ENSG00000100852,ARHGAP5
341,ENSG00000100867,DHRS2
342,ENSG00000100968,NFATC4
343,ENSG00000100979,PLTP
344,ENSG00000100985,MMP9
345,ENSG00000101000,PROCR
346,ENSG00000101017,CD40
347,ENSG00000101057,MYBL2
348,ENSG00000101115,SALL4
349,ENSG00000101160,CTSZ
350,ENSG00000101166,PRELID3B
351,ENSG00000101210,EEF1A2
352,ENSG00000101230,ISM1
353,ENSG00000101265,RASSF2
354,ENSG00000101282,RSPO4
355,ENSG00000101311,FERMT1
356,ENSG00000101335,MYL9
357,ENSG00000101336,HCK
358,ENSG00000101347,SAMHD1
359,ENSG00000101353,MROH8
360,ENSG00000101384,JAG1
361,ENSG00000101438,SLC32A1
362,ENSG00000101439,CST3
363,ENSG00000101443,WFDC2
364,ENSG00000101460,MAP1LC3A
365,ENSG00000101544,ADNP2
366,ENSG00000101825,MXRA5
367,ENSG00000101850,GPR143
368,ENSG00000101938,CHRDL1
369,ENSG00000101955,SRPX
370,ENSG00000102010,BMX
371,ENSG00000102024,PLS3
372,ENSG00000102096,PIM2
373,ENSG00000102109,PCSK1N
374,ENSG00000102172,SMS
375,ENSG00000102243,VGLL1
376,ENSG00000102245,CD40LG
377,ENSG00000102265,TIMP1
378,ENSG00000102359,SRPX2
379,ENSG00000102393,GLA
380,ENSG00000102524,TNFSF13B
381,ENSG00000102575,ACP5
382,ENSG00000102755,FLT1
383,ENSG00000102760,RGCC
384,ENSG00000102794,ACOD1
385,ENSG00000102802,MEDAG
386,ENSG00000102804,TSC22D1
387,ENSG00000102837,OLFM4
388,ENSG00000102854,MSLN
389,ENSG00000102879,CORO1A
390,ENSG00000102886,GDPD3
391,ENSG00000102891,MT4
392,ENSG00000102924,CBLN1
393,ENSG00000102962,CCL22
394,ENSG00000102970,CCL17
395,ENSG00000103034,NDRG4
396,ENSG00000103056,SMPD3
397,ENSG00000103175,WFDC1
398,ENSG00000103187,COTL1
399,ENSG00000103196,CRISPLD2
400,ENSG00000103241,FOXF1
401,ENSG00000103257,SLC7A5
402,ENSG00000103534,TMC5
403,ENSG00000103569,AQP9
404,ENSG00000103811,CTSH
405,ENSG00000103888,CEMIP
406,ENSG00000103942,HOMER2
407,ENSG00000104044,OCA2
408,ENSG00000104067,TJP1
409,ENSG00000104093,DMXL2
410,ENSG00000104213,PDGFRL
411,ENSG00000104237,RP1
412,ENSG00000104267,CA2
413,ENSG00000104332,SFRP1
414,ENSG00000104368,PLAT
415,ENSG00000104415,CCN4
416,ENSG00000104435,STMN2
417,ENSG00000104549,SQLE
418,ENSG00000104611,SH2D4A
419,ENSG00000104635,SLC39A14
420,ENSG00000104722,NEFM
421,ENSG00000104763,ASAH1
422,ENSG00000104765,BNIP3L
423,ENSG00000104808,DHDH
424,ENSG00000104870,FCGRT
425,ENSG00000104918,RETN
426,ENSG00000104938,CLEC4M
427,ENSG00000104951,IL4I1
428,ENSG00000104972,LILRB1
429,ENSG00000104974,LILRA1
430,ENSG00000105088,OLFM2
431,ENSG00000105131,EPHX3
432,ENSG00000105141,CASP14
433,ENSG00000105143,SLC1A6
434,ENSG00000105205,CLC
435,ENSG00000105223,PLD3
436,ENSG00000105246,EBI3
437,ENSG00000105251,SHD
438,ENSG00000105261,OVOL3
439,ENSG00000105352,CEACAM4
440,ENSG00000105369,CD79A
441,ENSG00000105374,NKG7
442,ENSG00000105388,CEACAM5
443,ENSG00000105427,CNFN
444,ENSG00000105472,CLEC11A
445,ENSG00000105509,HAS1
446,ENSG00000105609,LILRB5
447,ENSG00000105610,KLF1
448,ENSG00000105650,PDE4C
449,ENSG00000105664,COMP
450,ENSG00000105668,UPK1A
451,ENSG00000105679,GAPDHS
452,ENSG00000105696,TMEM59L
453,ENSG00000105697,HAMP
454,ENSG00000105711,SCN1B
455,ENSG00000105784,RUNDC3B
456,ENSG00000105825,TFPI2
457,ENSG00000105835,NAMPT
458,ENSG00000105855,ITGB8
459,ENSG00000105880,DLX5
460,ENSG00000105889,STEAP1B
461,ENSG00000105894,PTN
462,ENSG00000105929,ATP6V0A4
463,ENSG00000105967,TFEC
464,ENSG00000105974,CAV1
465,ENSG00000105989,WNT2
466,ENSG00000106018,VIPR2
467,ENSG00000106066,CPVL
468,ENSG00000106236,NPTX2
469,ENSG00000106299,WASL
470,ENSG00000106333,PCOLCE
471,ENSG00000106341,PPP1R17
472,ENSG00000106366,SERPINE1
473,ENSG00000106483,SFRP4
474,ENSG00000106484,MEST
475,ENSG00000106511,MEOX2
476,ENSG00000106537,TSPAN13
477,ENSG00000106538,RARRES2
478,ENSG00000106541,AGR2
479,ENSG00000106565,TMEM176B
480,ENSG00000106624,AEBP1
481,ENSG00000106809,OGN
482,ENSG00000106819,ASPN
483,ENSG00000106823,ECM2
484,ENSG00000106852,LHX6
485,ENSG00000106853,PTGR1
486,ENSG00000106991,ENG
487,ENSG00000107104,KANK1
488,ENSG00000107159,CA9
489,ENSG00000107165,TYRP1
490,ENSG00000107249,GLIS3
491,ENSG00000107281,NPDC1
492,ENSG00000107290,SETX
493,ENSG00000107317,PTGDS
494,ENSG00000107362,ABHD17B
495,ENSG00000107551,RASSF4
496,ENSG00000107562,CXCL12
497,ENSG00000107593,PKD2L1
498,ENSG00000107623,GDF10
499,ENSG00000107643,MAPK8
500,ENSG00000107719,PALD1
501,ENSG00000107742,SPOCK2
502,ENSG00000107796,ACTA2
503,ENSG00000107798,LIPA
504,ENSG00000107968,MAP3K8
505,ENSG00000107984,DKK1
506,ENSG00000108106,UBE2S
507,ENSG00000108179,PPIF
508,ENSG00000108244,KRT23
509,ENSG00000108342,CSF3
510,ENSG00000108387,SEPTIN4
511,ENSG00000108417,KRT37
512,ENSG00000108506,INTS2
513,ENSG00000108551,RASD1
514,ENSG00000108578,BLMH
515,ENSG00000108622,ICAM2
516,ENSG00000108688,CCL7
517,ENSG00000108691,CCL2
518,ENSG00000108700,CCL8
519,ENSG00000108702,CCL1
520,ENSG00000108759,KRT32
521,ENSG00000108821,COL1A1
522,ENSG00000108823,SGCA
523,ENSG00000108846,ABCC3
524,ENSG00000108849,PPY
525,ENSG00000108932,SLC16A6
526,ENSG00000108950,FAM20A
527,ENSG00000109099,PMP22
528,ENSG00000109182,CWH43
529,ENSG00000109220,CHIC2
530,ENSG00000109255,NMU
531,ENSG00000109321,AREG
532,ENSG00000109436,TBC1D9
533,ENSG00000109471,IL2
534,ENSG00000109472,CPE
535,ENSG00000109610,SOD3
536,ENSG00000109684,CLNK
537,ENSG00000109805,NCAPG
538,ENSG00000109846,CRYAB
539,ENSG00000109861,CTSC
540,ENSG00000109943,CRTAM
541,ENSG00000110002,VWA5A
542,ENSG00000110046,ATG2A
543,ENSG00000110077,MS4A6A
544,ENSG00000110079,MS4A4A
545,ENSG00000110080,ST3GAL4
546,ENSG00000110172,CHORDC1
547,ENSG00000110203,FOLR3
548,ENSG00000110436,SLC1A2
549,ENSG00000110446,SLC15A3
550,ENSG00000110484,SCGB2A2
551,ENSG00000110492,MDK
552,ENSG00000110675,ELMOD1
553,ENSG00000110719,TCIRG1
554,ENSG00000110777,POU2AF1
555,ENSG00000110786,PTPN5
556,ENSG00000110799,VWF
557,ENSG00000110848,CD69
558,ENSG00000110900,TSPAN11
559,ENSG00000110944,IL23A
560,ENSG00000110975,SYT10
561,ENSG00000111011,RSRC2
562,ENSG00000111057,KRT18
563,ENSG00000111145,ELK3
564,ENSG00000111215,PRR4
565,ENSG00000111249,CUX2
566,ENSG00000111291,GPRC5D
567,ENSG00000111319,SCNN1A
568,ENSG00000111341,MGP
569,ENSG00000111404,RERGL
570,ENSG00000111405,ENDOU
571,ENSG00000111537,IFNG
572,ENSG00000111647,BLTP3B
573,ENSG00000111665,CDCA3
574,ENSG00000111729,CLEC4A
575,ENSG00000111732,AICDA
576,ENSG00000111796,KLRB1
577,ENSG00000111799,COL12A1
578,ENSG00000111981,ULBP1
579,ENSG00000112033,PPARD
580,ENSG00000112096,SOD2
581,ENSG00000112115,IL17A
582,ENSG00000112116,IL17F
583,ENSG00000112137,PHACTR1
584,ENSG00000112149,CD83
585,ENSG00000112214,FHL5
586,ENSG00000112280,COL9A1
587,ENSG00000112378,PERP
588,ENSG00000112394,SLC16A10
589,ENSG00000112414,ADGRG6
590,ENSG00000112494,UNC93A
591,ENSG00000112562,SMOC2
592,ENSG00000112655,PTK7
593,ENSG00000112715,VEGFA
594,ENSG00000112769,LAMA4
595,ENSG00000112773,TENT5A
596,ENSG00000112902,SEMA5A
597,ENSG00000112936,C7
598,ENSG00000112972,HMGCS1
599,ENSG00000113070,HBEGF
600,ENSG00000113083,LOX
601,ENSG00000113088,GZMK
602,ENSG00000113140,SPARC
603,ENSG00000113161,HMGCR
604,ENSG00000113269,RNF130
605,ENSG00000113296,THBS4
606,ENSG00000113302,IL12B
607,ENSG00000113361,CDH6
608,ENSG00000113494,PRLR
609,ENSG00000113594,LIFR
610,ENSG00000113657,DPYSL3
611,ENSG00000113721,PDGFRB
612,ENSG00000113722,CDX1
613,ENSG00000113739,STC2
614,ENSG00000113742,CPEB4
615,ENSG00000113810,SMC4
616,ENSG00000113946,CLDN16
617,ENSG00000114013,CD86
618,ENSG00000114019,AMOTL2
619,ENSG00000114115,RBP1
620,ENSG00000114251,WNT5A
621,ENSG00000114270,COL7A1
622,ENSG00000114315,HES1
623,ENSG00000114473,IQCG
624,ENSG00000114771,AADAC
625,ENSG00000114854,TNNC1
626,ENSG00000115008,IL1A
627,ENSG00000115009,CCL20
628,ENSG00000115163,CENPA
629,ENSG00000115353,TACR1
630,ENSG00000115355,CCDC88A
631,ENSG00000115363,EVA1A
632,ENSG00000115380,EFEMP1
633,ENSG00000115414,FN1
634,ENSG00000115419,GLS
635,ENSG00000115457,IGFBP2
636,ENSG00000115461,IGFBP5
637,ENSG00000115468,EFHD1
638,ENSG00000115523,GNLY
639,ENSG00000115590,IL1R2
640,ENSG00000115594,IL1R1
641,ENSG00000115602,IL1RL1
642,ENSG00000115641,FHL2
643,ENSG00000115648,MLPH
644,ENSG00000115687,PASK
645,ENSG00000115738,ID2
646,ENSG00000115758,ODC1
647,ENSG00000115828,QPCT
648,ENSG00000115844,DLX2
649,ENSG00000115919,KYNU
650,ENSG00000115956,PLEK
651,ENSG00000116016,EPAS1
652,ENSG00000116031,CD207
653,ENSG00000116039,ATP6V1B1
654,ENSG00000116132,PRRX1
655,ENSG00000116183,PAPPA2
656,ENSG00000116194,ANGPTL1
657,ENSG00000116260,QSOX1
658,ENSG00000116285,ERRFI1
659,ENSG00000116678,LEPR
660,ENSG00000116690,PRG4
661,ENSG00000116701,NCF2
662,ENSG00000116717,GADD45A
663,ENSG00000116741,RGS2
664,ENSG00000116774,OLFML3
665,ENSG00000116824,CD2
666,ENSG00000116962,NID1
667,ENSG00000116996,ZP4
668,ENSG00000117000,RLF
669,ENSG00000117114,ADGRL2
670,ENSG00000117122,MFAP2
671,ENSG00000117152,RGS4
672,ENSG00000117215,PLA2G2D
673,ENSG00000117228,GBP1
674,ENSG00000117281,CD160
675,ENSG00000117289,TXNIP
676,ENSG00000117318,ID3
677,ENSG00000117399,CDC20
678,ENSG00000117461,PIK3R3
679,ENSG00000117475,BLZF1
680,ENSG00000117479,SLC19A2
681,ENSG00000117519,CNN3
682,ENSG00000117525,F3
683,ENSG00000117586,TNFSF4
684,ENSG00000117594,HSD11B1
685,ENSG00000117598,PLPPR5
686,ENSG00000117600,PLPPR4
687,ENSG00000117632,STMN1
688,ENSG00000117707,PROX1
689,ENSG00000117724,CENPF
690,ENSG00000117983,MUC5B
691,ENSG00000117984,CTSD
692,ENSG00000118004,COLEC11
693,ENSG00000118113,MMP8
694,ENSG00000118193,KIF14
695,ENSG00000118257,NRP2
696,ENSG00000118271,TTR
697,ENSG00000118292,C1orf54
698,ENSG00000118298,CA14
699,ENSG00000118402,ELOVL4
700,ENSG00000118473,SGIP1
701,ENSG00000118508,RAB32
702,ENSG00000118515,SGK1
703,ENSG00000118520,ARG1
704,ENSG00000118523,CCN2
705,ENSG00000118729,CASQ2
706,ENSG00000118785,SPP1
707,ENSG00000118849,RARRES1
708,ENSG00000118898,PPL
709,ENSG00000118946,PCDH17
710,ENSG00000118971,CCND2
711,ENSG00000118985,ELL2
712,ENSG00000119125,GDA
713,ENSG00000119147,ECRG4
714,ENSG00000119321,FKBP15
715,ENSG00000119457,SLC46A2
716,ENSG00000119508,NR4A3
717,ENSG00000119535,CSF3R
718,ENSG00000119614,VSX2
719,ENSG00000119630,PGF
720,ENSG00000119862,LGALSL
721,ENSG00000119866,BCL11A
722,ENSG00000119915,ELOVL3
723,ENSG00000119922,IFIT2
724,ENSG00000119986,AVPI1
725,ENSG00000120057,SFRP5
726,ENSG00000120156,TEK
727,ENSG00000120215,MLANA
728,ENSG00000120217,CD274
729,ENSG00000120279,MYCT1
730,ENSG00000120332,TNN
731,ENSG00000120337,TNFSF18
732,ENSG00000120457,KCNJ5
733,ENSG00000120594,PLXDC2
734,ENSG00000120659,TNFSF11
735,ENSG00000120694,HSPH1
736,ENSG00000120708,TGFBI
737,ENSG00000120729,MYOT
738,ENSG00000120738,EGR1
739,ENSG00000120820,GLT8D2
740,ENSG00000120875,DUSP4
741,ENSG00000120885,CLU
742,ENSG00000121039,RDH10
743,ENSG00000121068,TBX2
744,ENSG00000121270,ABCC11
745,ENSG00000121361,KCNJ8
746,ENSG00000121380,BCL2L14
747,ENSG00000121440,PDZRN3
748,ENSG00000121552,CSTA
749,ENSG00000121742,GJB6
750,ENSG00000121749,TBC1D15
751,ENSG00000121769,FABP3
752,ENSG00000121898,CPXM2
753,ENSG00000121900,TMEM54
754,ENSG00000121931,LRIF1
755,ENSG00000121933,TMIGD3
756,ENSG00000122025,FLT3
757,ENSG00000122035,RASL11A
758,ENSG00000122042,UBL3
759,ENSG00000122133,PAEP
760,ENSG00000122176,FMOD
761,ENSG00000122188,LAX1
762,ENSG00000122254,HS3ST2
763,ENSG00000122257,RBBP6
764,ENSG00000122420,PTGFR
765,ENSG00000122641,INHBA
766,ENSG00000122644,ARL4A
767,ENSG00000122679,RAMP3
768,ENSG00000122691,TWIST1
769,ENSG00000122711,SPINK4
770,ENSG00000122786,CALD1
771,ENSG00000122861,PLAU
772,ENSG00000122862,SRGN
773,ENSG00000122870,BICC1
774,ENSG00000122952,ZWINT
775,ENSG00000123095,BHLHE41
776,ENSG00000123131,PRDX4
777,ENSG00000123243,ITIH5
778,ENSG00000123342,MMP19
779,ENSG00000123384,LRP1
780,ENSG00000123416,TUBA1B
781,ENSG00000123496,IL13RA2
782,ENSG00000123500,COL10A1
783,ENSG00000123560,PLP1
784,ENSG00000123595,RAB9A
785,ENSG00000123610,TNFAIP6
786,ENSG00000123612,ACVR1C
787,ENSG00000123685,BATF3
788,ENSG00000123689,G0S2
789,ENSG00000123836,PFKFB2
790,ENSG00000123838,C4BPA
791,ENSG00000124102,PI3
792,ENSG00000124107,SLPI
793,ENSG00000124171,PARD6B
794,ENSG00000124212,PTGIS
795,ENSG00000124216,SNAI1
796,ENSG00000124225,PMEPA1
797,ENSG00000124253,PCK1
798,ENSG00000124256,ZBP1
799,ENSG00000124429,POF1B
800,ENSG00000124466,LYPD3
801,ENSG00000124479,NDP
802,ENSG00000124491,F13A1
803,ENSG00000124507,PACSIN1
804,ENSG00000124575,H1-3
805,ENSG00000124610,H1-1
806,ENSG00000124635,H2BC11
807,ENSG00000124664,SPDEF
808,ENSG00000124731,TREM1
809,ENSG00000124766,SOX4
810,ENSG00000124785,NRN1
811,ENSG00000124813,RUNX2
812,ENSG00000124875,CXCL6
813,ENSG00000124882,EREG
814,ENSG00000124920,MYRF
815,ENSG00000124935,SCGB1D2
816,ENSG00000124939,SCGB2A1
817,ENSG00000125046,SSUH2
818,ENSG00000125144,MT1G
819,ENSG00000125148,MT2A
820,ENSG00000125266,EFNB2
821,ENSG00000125355,TMEM255A
822,ENSG00000125398,SOX9
823,ENSG00000125538,IL1B
824,ENSG00000125571,IL37
825,ENSG00000125726,CD70
826,ENSG00000125730,C3
827,ENSG00000125735,TNFSF14
828,ENSG00000125775,SDCBP2
829,ENSG00000125780,TGM3
830,ENSG00000125810,CD93
831,ENSG00000125831,CST11
832,ENSG00000125844,RRBP1
833,ENSG00000125845,BMP2
834,ENSG00000125851,PCSK2
835,ENSG00000125869,LAMP5
836,ENSG00000125968,ID1
837,ENSG00000126218,F10
838,ENSG00000126233,SLURP1
839,ENSG00000126251,GPR42
840,ENSG00000126337,KRT36
841,ENSG00000126353,CCR7
842,ENSG00000126368,NR1D1
843,ENSG00000126709,IFI6
844,ENSG00000126759,CFP
845,ENSG00000126787,DLGAP5
846,ENSG00000126878,AIF1L
847,ENSG00000127074,RGS13
848,ENSG00000127083,OMD
849,ENSG00000127129,EDN2
850,ENSG00000127241,MASP1
851,ENSG00000127249,ATP13A4
852,ENSG00000127318,IL22
853,ENSG00000127324,TSPAN8
854,ENSG00000127329,PTPRB
855,ENSG00000127481,UBR4
856,ENSG00000127507,ADGRE2
857,ENSG00000127528,KLF2
858,ENSG00000127533,F2RL3
859,ENSG00000127920,GNG11
860,ENSG00000127947,PTPN12
861,ENSG00000127951,FGL2
862,ENSG00000127954,STEAP4
863,ENSG00000127990,SGCE
864,ENSG00000128040,SPINK2
865,ENSG00000128052,KDR
866,ENSG00000128218,VPREB3
867,ENSG00000128228,SDF2L1
868,ENSG00000128322,IGLL1
869,ENSG00000128342,LIF
870,ENSG00000128383,APOBEC3A
871,ENSG00000128422,KRT17
872,ENSG00000128510,CPA4
873,ENSG00000128512,DOCK4
874,ENSG00000128564,VGF
875,ENSG00000128567,PODXL
876,ENSG00000128578,STRIP2
877,ENSG00000128591,FLNC
878,ENSG00000128595,CALU
879,ENSG00000128606,LRRC17
880,ENSG00000128641,MYO1B
881,ENSG00000128656,CHN1
882,ENSG00000128805,ARHGAP22
883,ENSG00000128815,WDFY4
884,ENSG00000128849,CGNL1
885,ENSG00000128917,DLL4
886,ENSG00000128918,ALDH1A2
887,ENSG00000128965,CHAC1
888,ENSG00000129009,ISLR
889,ENSG00000129038,LOXL1
890,ENSG00000129048,ACKR4
891,ENSG00000129116,PALLD
892,ENSG00000129128,SPCS3
893,ENSG00000129151,BBOX1
894,ENSG00000129226,CD68
895,ENSG00000129277,CCL4
896,ENSG00000129451,KLK10
897,ENSG00000129455,KLK8
898,ENSG00000129521,EGLN3
899,ENSG00000129538,RNASE1
900,ENSG00000129757,CDKN1C
901,ENSG00000129824,RPS4Y1
902,ENSG00000129988,LBP
903,ENSG00000130054,NALF2
904,ENSG00000130066,SAT1
905,ENSG00000130176,CNN1
906,ENSG00000130203,APOE
907,ENSG00000130208,APOC1
908,ENSG00000130222,GADD45G
909,ENSG00000130294,KIF1A
910,ENSG00000130300,PLVAP
911,ENSG00000130340,SNX9
912,ENSG00000130396,AFDN
913,ENSG00000130508,PXDN
914,ENSG00000130513,GDF15
915,ENSG00000130592,LSP1
916,ENSG00000130635,COL5A1
917,ENSG00000130707,ASS1
918,ENSG00000130766,SESN2
919,ENSG00000130818,ZNF426
920,ENSG00000130830,MPP1
921,ENSG00000130844,ZNF331
922,ENSG00000130876,SLC7A10
923,ENSG00000131016,AKAP12
924,ENSG00000131018,SYNE1
925,ENSG00000131037,EPS8L1
926,ENSG00000131042,LILRB2
927,ENSG00000131055,COX4I2
928,ENSG00000131097,HIGD1B
929,ENSG00000131153,GINS2
930,ENSG00000131203,IDO1
931,ENSG00000131238,PPT1
932,ENSG00000131378,RFTN1
933,ENSG00000131386,GALNT15
934,ENSG00000131435,PDLIM4
935,ENSG00000131459,GFPT2
936,ENSG00000131471,AOC3
937,ENSG00000131477,RAMP2
938,ENSG00000131686,CA6
939,ENSG00000131711,MAP1B
940,ENSG00000131737,KRT34
941,ENSG00000131738,KRT33B
942,ENSG00000131747,TOP2A
943,ENSG00000131969,ABHD12B
944,ENSG00000131981,LGALS3
945,ENSG00000132003,ZSWIM4
946,ENSG00000132031,MATN3
947,ENSG00000132170,PPARG
948,ENSG00000132205,EMILIN2
949,ENSG00000132329,RAMP1
950,ENSG00000132334,PTPRE
951,ENSG00000132386,SERPINF1
952,ENSG00000132465,JCHAIN
953,ENSG00000132514,CLEC10A
954,ENSG00000132554,RGS22
955,ENSG00000132646,PCNA
956,ENSG00000132688,NES
957,ENSG00000132692,BCAN
958,ENSG00000132698,RAB25
959,ENSG00000132744,ACY3
960,ENSG00000132746,ALDH3B2
961,ENSG00000132823,OSER1
962,ENSG00000132824,SERINC3
963,ENSG00000132965,ALOX5AP
964,ENSG00000132975,GPR12
965,ENSG00000133048,CHI3L1
966,ENSG00000133063,CHIT1
967,ENSG00000133069,TMCC2
968,ENSG00000133083,DCLK1
969,ENSG00000133110,POSTN
970,ENSG00000133392,MYH11
971,ENSG00000133466,C1QTNF6
972,ENSG00000133636,NTS
973,ENSG00000133657,ATP13A3
974,ENSG00000133710,SPINK5
975,ENSG00000133742,CA1
976,ENSG00000133800,LYVE1
977,ENSG00000133805,AMPD3
978,ENSG00000133818,RRAS2
979,ENSG00000134013,LOXL2
980,ENSG00000134028,ADAMDEC1
981,ENSG00000134057,CCNB1
982,ENSG00000134109,EDEM1
983,ENSG00000134152,KATNBL1
984,ENSG00000134160,TRPM1
985,ENSG00000134240,HMGCS2
986,ENSG00000134258,VTCN1
987,ENSG00000134285,FKBP11
988,ENSG00000134317,GRHL1
989,ENSG00000134321,RSAD2
990,ENSG00000134324,LPIN1
991,ENSG00000134339,SAA2
992,ENSG00000134363,FST
993,ENSG00000134443,GRP
994,ENSG00000134460,IL2RA
995,ENSG00000134531,EMP1
996,ENSG00000134539,KLRD1
997,ENSG00000134545,KLRC1
998,ENSG00000134709,HOOK1
999,ENSG00000134755,DSC2
1000,ENSG00000134757,DSG3
1001,ENSG00000134760,DSG1
1002,ENSG00000134765,DSC1
1003,ENSG00000134817,APLNR
1004,ENSG00000134827,TCN1
1005,ENSG00000134830,C5AR2
1006,ENSG00000134853,PDGFRA
1007,ENSG00000134871,COL4A2
1008,ENSG00000134873,CLDN10
1009,ENSG00000134909,ARHGAP32
1010,ENSG00000134917,ADAMTS8
1011,ENSG00000135046,ANXA1
1012,ENSG00000135047,CTSL
1013,ENSG00000135052,GOLM1
1014,ENSG00000135074,ADAM19
1015,ENSG00000135077,HAVCR2
1016,ENSG00000135094,SDS
1017,ENSG00000135111,TBX3
1018,ENSG00000135114,OASL
1019,ENSG00000135218,CD36
1020,ENSG00000135226,UGT2B28
1021,ENSG00000135245,HILPDA
1022,ENSG00000135318,NT5E
1023,ENSG00000135346,CGA
1024,ENSG00000135363,LMO2
1025,ENSG00000135373,EHF
1026,ENSG00000135374,ELF5
1027,ENSG00000135378,PRRG4
1028,ENSG00000135404,CD63
1029,ENSG00000135424,ITGA7
1030,ENSG00000135443,KRT85
1031,ENSG00000135451,TROAP
1032,ENSG00000135480,KRT7
1033,ENSG00000135549,PKIB
1034,ENSG00000135625,EGR4
1035,ENSG00000135636,DYSF
1036,ENSG00000135638,EMX1
1037,ENSG00000135677,GNS
1038,ENSG00000135678,CPM
1039,ENSG00000135744,AGT
1040,ENSG00000135750,KCNK1
1041,ENSG00000135821,GLUL
1042,ENSG00000135838,NPL
1043,ENSG00000135842,NIBAN1
1044,ENSG00000135862,LAMC1
1045,ENSG00000135903,PAX3
1046,ENSG00000135916,ITM2C
1047,ENSG00000135919,SERPINE2
1048,ENSG00000135929,CYP27A1
1049,ENSG00000135931,ARMC9
1050,ENSG00000136011,STAB2
1051,ENSG00000136021,SCYL2
1052,ENSG00000136040,PLXNC1
1053,ENSG00000136048,DRAM1
1054,ENSG00000136099,PCDH8
1055,ENSG00000136111,TBC1D4
1056,ENSG00000136153,LMO7
1057,ENSG00000136155,SCEL
1058,ENSG00000136160,EDNRB
1059,ENSG00000136167,LCP1
1060,ENSG00000136205,TNS3
1061,ENSG00000136235,GPNMB
1062,ENSG00000136244,IL6
1063,ENSG00000136250,AOAH
1064,ENSG00000136286,MYO1G
1065,ENSG00000136295,TTYH3
1066,ENSG00000136352,NKX2-1
1067,ENSG00000136457,CHAD
1068,ENSG00000136536,MARCHF7
1069,ENSG00000136542,GALNT5
1070,ENSG00000136546,SCN7A
1071,ENSG00000136634,IL10
1072,ENSG00000136688,IL36G
1073,ENSG00000136689,IL1RN
1074,ENSG00000136694,IL36A
1075,ENSG00000136695,IL36RN
1076,ENSG00000136697,IL1F10
1077,ENSG00000136810,TXN
1078,ENSG00000136859,ANGPTL2
1079,ENSG00000136867,SLC31A2
1080,ENSG00000136868,SLC31A1
1081,ENSG00000136869,TLR4
1082,ENSG00000136929,HEMGN
1083,ENSG00000136943,CTSV
1084,ENSG00000136960,ENPP2
1085,ENSG00000136999,CCN3
1086,ENSG00000137077,CCL21
1087,ENSG00000137101,CD72
1088,ENSG00000137124,ALDH1B1
1089,ENSG00000137177,KIF13A
1090,ENSG00000137198,GMPR
1091,ENSG00000137265,IRF4
1092,ENSG00000137285,TUBB2B
1093,ENSG00000137331,IER3
1094,ENSG00000137440,FGFBP1
1095,ENSG00000137441,FGFBP2
1096,ENSG00000137449,CPEB2
1097,ENSG00000137462,TLR2
1098,ENSG00000137491,SLCO2B1
1099,ENSG00000137558,PI15
1100,ENSG00000137563,GGH
1101,ENSG00000137571,SLCO5A1
1102,ENSG00000137573,SULF1
1103,ENSG00000137673,MMP7
1104,ENSG00000137745,MMP13
1105,ENSG00000137747,TMPRSS13
1106,ENSG00000137801,THBS1
1107,ENSG00000137804,NUSAP1
1108,ENSG00000137809,ITGA11
1109,ENSG00000137812,KNL1
1110,ENSG00000137831,UACA
1111,ENSG00000137869,CYP19A1
1112,ENSG00000137962,ARHGAP29
1113,ENSG00000138061,CYP1B1
1114,ENSG00000138080,EMILIN1
1115,ENSG00000138083,SIX3
1116,ENSG00000138119,MYOF
1117,ENSG00000138135,CH25H
1118,ENSG00000138160,KIF11
1119,ENSG00000138166,DUSP5
1120,ENSG00000138180,CEP55
1121,ENSG00000138185,ENTPD1
1122,ENSG00000138207,RBP4
1123,ENSG00000138294,MSMB
1124,ENSG00000138347,MYPN
1125,ENSG00000138356,AOX1
1126,ENSG00000138434,ITPRID2
1127,ENSG00000138449,SLC40A1
1128,ENSG00000138615,CILP
1129,ENSG00000138646,HERC5
1130,ENSG00000138670,RASGEF1B
1131,ENSG00000138678,GPAT3
1132,ENSG00000138684,IL21
1133,ENSG00000138685,FGF2
1134,ENSG00000138722,MMRN1
1135,ENSG00000138744,NAAA
1136,ENSG00000138755,CXCL9
1137,ENSG00000138756,BMP2K
1138,ENSG00000138758,SEPTIN11
1139,ENSG00000138764,CCNG2
1140,ENSG00000138772,ANXA3
1141,ENSG00000138778,CENPE
1142,ENSG00000138792,ENPEP
1143,ENSG00000138821,SLC39A8
1144,ENSG00000138829,FBN2
1145,ENSG00000138835,RGS3
1146,ENSG00000139187,KLRG1
1147,ENSG00000139193,CD27
1148,ENSG00000139194,RBP5
1149,ENSG00000139289,PHLDA1
1150,ENSG00000139318,DUSP6
1151,ENSG00000139329,LUM
1152,ENSG00000139330,KERA
1153,ENSG00000139352,ASCL1
1154,ENSG00000139354,GAS2L3
1155,ENSG00000139433,GLTP
1156,ENSG00000139572,GPR84
1157,ENSG00000139648,KRT71
1158,ENSG00000139714,MORN3
1159,ENSG00000139722,VPS37B
1160,ENSG00000139832,RAB20
1161,ENSG00000139874,SSTR1
1162,ENSG00000139973,SYT16
1163,ENSG00000139988,RDH12
1164,ENSG00000140015,KCNH5
1165,ENSG00000140044,JDP2
1166,ENSG00000140090,SLC24A4
1167,ENSG00000140092,FBLN5
1168,ENSG00000140105,WARS1
1169,ENSG00000140199,SLC12A6
1170,ENSG00000140263,SORD
1171,ENSG00000140285,FGF7
1172,ENSG00000140287,HDC
1173,ENSG00000140379,BCL2A1
1174,ENSG00000140396,NCOA2
1175,ENSG00000140403,DNAJA4
1176,ENSG00000140416,TPM1
1177,ENSG00000140450,ARRDC4
1178,ENSG00000140465,CYP1A1
1179,ENSG00000140519,RHCG
1180,ENSG00000140545,MFGE8
1181,ENSG00000140600,SH3GL3
1182,ENSG00000140678,ITGAX
1183,ENSG00000140682,TGFB1I1
1184,ENSG00000140749,IGSF6
1185,ENSG00000140832,MARVELD3
1186,ENSG00000140859,KIFC3
1187,ENSG00000140873,ADAMTS18
1188,ENSG00000140937,CDH11
1189,ENSG00000140941,MAP1LC3B
1190,ENSG00000140968,IRF8
1191,ENSG00000141052,MYOCD
1192,ENSG00000141338,ABCA8
1193,ENSG00000141433,ADCYAP1
1194,ENSG00000141447,OSBPL1A
1195,ENSG00000141526,SLC16A3
1196,ENSG00000141579,ZNF750
1197,ENSG00000141644,MBD1
1198,ENSG00000141655,TNFRSF11A
1199,ENSG00000141668,CBLN2
1200,ENSG00000141753,IGFBP4
1201,ENSG00000141756,FKBP10
1202,ENSG00000141977,CIB3
1203,ENSG00000142089,IFITM3
1204,ENSG00000142156,COL6A1
1205,ENSG00000142173,COL6A2
1206,ENSG00000142224,IL19
1207,ENSG00000142235,LMTK3
1208,ENSG00000142512,SIGLEC10
1209,ENSG00000142549,IGLON5
1210,ENSG00000142552,RCN3
1211,ENSG00000142619,PADI3
1212,ENSG00000142623,PADI1
1213,ENSG00000142694,EVA1B
1214,ENSG00000142748,FCN3
1215,ENSG00000142798,HSPG2
1216,ENSG00000142871,CCN1
1217,ENSG00000142910,TINAGL1
1218,ENSG00000143110,C1orf162
1219,ENSG00000143140,GJA5
1220,ENSG00000143153,ATP1B1
1221,ENSG00000143162,CREG1
1222,ENSG00000143184,XCL1
1223,ENSG00000143185,XCL2
1224,ENSG00000143196,DPT
1225,ENSG00000143217,NECTIN4
1226,ENSG00000143226,FCGR2A
1227,ENSG00000143228,NUF2
1228,ENSG00000143248,RGS5
1229,ENSG00000143297,FCRL5
1230,ENSG00000143320,CRABP2
1231,ENSG00000143322,ABL2
1232,ENSG00000143333,RGS16
1233,ENSG00000143341,HMCN1
1234,ENSG00000143344,RGL1
1235,ENSG00000143367,TUFT1
1236,ENSG00000143369,ECM1
1237,ENSG00000143387,CTSK
1238,ENSG00000143398,PIP5K1A
1239,ENSG00000143412,ANXA9
1240,ENSG00000143416,SELENBP1
1241,ENSG00000143514,TP53BP2
1242,ENSG00000143520,FLG2
1243,ENSG00000143536,CRNN
1244,ENSG00000143546,S100A8
1245,ENSG00000143556,S100A7
1246,ENSG00000143603,KCNN3
1247,ENSG00000143631,FLG
1248,ENSG00000143768,LEFTY2
1249,ENSG00000143797,MBOAT2
1250,ENSG00000143819,EPHX1
1251,ENSG00000143867,OSR1
1252,ENSG00000143878,RHOB
1253,ENSG00000143882,ATP6V1C2
1254,ENSG00000144063,MALL
1255,ENSG00000144119,C1QL2
1256,ENSG00000144136,SLC20A1
1257,ENSG00000144285,SCN1A
1258,ENSG00000144339,TMEFF2
1259,ENSG00000144355,DLX1
1260,ENSG00000144366,GULP1
1261,ENSG00000144452,ABCA12
1262,ENSG00000144476,ACKR3
1263,ENSG00000144566,RAB5A
1264,ENSG00000144648,ACKR2
1265,ENSG00000144724,PTPRG
1266,ENSG00000144810,COL8A1
1267,ENSG00000144834,TAGLN3
1268,ENSG00000144959,NCEH1
1269,ENSG00000145087,STXBP5L
1270,ENSG00000145088,EAF2
1271,ENSG00000145107,TM4SF19
1272,ENSG00000145244,CORIN
1273,ENSG00000145287,PLAC8
1274,ENSG00000145335,SNCA
1275,ENSG00000145358,DDIT4L
1276,ENSG00000145362,ANK2
1277,ENSG00000145386,CCNA2
1278,ENSG00000145390,USP53
1279,ENSG00000145416,MARCHF1
1280,ENSG00000145423,SFRP2
1281,ENSG00000145569,OTULINL
1282,ENSG00000145623,OSMR
1283,ENSG00000145649,GZMA
1284,ENSG00000145681,HAPLN1
1285,ENSG00000145685,LHFPL2
1286,ENSG00000145780,FEM1C
1287,ENSG00000145824,CXCL14
1288,ENSG00000145850,TIMD4
1289,ENSG00000145879,SPINK7
1290,ENSG00000145936,KCNMB1
1291,ENSG00000146013,GFRA3
1292,ENSG00000146070,PLA2G7
1293,ENSG00000146090,RASGEF1C
1294,ENSG00000146197,SCUBE3
1295,ENSG00000146250,PRSS35
1296,ENSG00000146374,RSPO3
1297,ENSG00000146376,ARHGAP18
1298,ENSG00000146555,SDK1
1299,ENSG00000146592,CREB5
1300,ENSG00000146674,IGFBP3
1301,ENSG00000146910,CNPY1
1302,ENSG00000147003,CLTRN
1303,ENSG00000147050,KDM6A
1304,ENSG00000147113,DIPK2B
1305,ENSG00000147160,AWAT2
1306,ENSG00000147257,GPC3
1307,ENSG00000147394,ZNF185
1308,ENSG00000147416,ATP6V1B2
1309,ENSG00000147454,SLC25A37
1310,ENSG00000147535,PLPP5
1311,ENSG00000147588,PMP2
1312,ENSG00000147606,SLC26A7
1313,ENSG00000147614,ATP6V0D2
1314,ENSG00000147676,MAL2
1315,ENSG00000147689,FAM83A
1316,ENSG00000147872,PLIN2
1317,ENSG00000148053,NTRK2
1318,ENSG00000148154,UGCG
1319,ENSG00000148180,GSN
1320,ENSG00000148344,PTGES
1321,ENSG00000148346,LCN2
1322,ENSG00000148357,HMCN2
1323,ENSG00000148541,FAM13C
1324,ENSG00000148600,CDHR1
1325,ENSG00000148634,HERC4
1326,ENSG00000148671,ADIRF
1327,ENSG00000148677,ANKRD1
1328,ENSG00000148734,NPFFR1
1329,ENSG00000148773,MKI67
1330,ENSG00000148848,ADAM12
1331,ENSG00000148926,ADM
1332,ENSG00000148935,GAS2
1333,ENSG00000149131,SERPING1
1334,ENSG00000149201,CCDC81
1335,ENSG00000149257,SERPINH1
1336,ENSG00000149451,ADAM33
1337,ENSG00000149534,MS4A2
1338,ENSG00000149564,ESAM
1339,ENSG00000149591,TAGLN
1340,ENSG00000149635,OCSTAMP
1341,ENSG00000149809,TM7SF2
1342,ENSG00000149948,HMGA2
1343,ENSG00000149968,MMP3
1344,ENSG00000150045,KLRF1
1345,ENSG00000150337,FCGR1A
1346,ENSG00000150347,ARID5B
1347,ENSG00000150551,LYPD1
1348,ENSG00000150594,ADRA2A
1349,ENSG00000150630,VEGFC
1350,ENSG00000150636,CCDC102B
1351,ENSG00000150637,CD226
1352,ENSG00000150681,RGS18
1353,ENSG00000150687,PRSS23
1354,ENSG00000150782,IL18
1355,ENSG00000150938,CRIM1
1356,ENSG00000150967,ABCB9
1357,ENSG00000151012,SLC7A11
1358,ENSG00000151117,TMEM86A
1359,ENSG00000151491,EPS8
1360,ENSG00000151617,EDNRA
1361,ENSG00000151632,AKR1C2
1362,ENSG00000151715,TMEM45B
1363,ENSG00000151726,ACSL1
1364,ENSG00000151789,ZNF385D
1365,ENSG00000151790,TDO2
1366,ENSG00000151812,SLC35F4
1367,ENSG00000151892,GFRA1
1368,ENSG00000151914,DST
1369,ENSG00000151929,BAG3
1370,ENSG00000152049,KCNE4
1371,ENSG00000152137,HSPB8
1372,ENSG00000152154,TMEM178A
1373,ENSG00000152223,EPG5
1374,ENSG00000152253,SPC25
1375,ENSG00000152256,PDK1
1376,ENSG00000152402,GUCY1A2
1377,ENSG00000152409,JMY
1378,ENSG00000152492,CCDC50
1379,ENSG00000152580,IGSF10
1380,ENSG00000152583,SPARCL1
1381,ENSG00000152661,GJA1
1382,ENSG00000152672,CLEC4F
1383,ENSG00000152766,ANKRD22
1384,ENSG00000152952,PLOD2
1385,ENSG00000153002,CPB1
1386,ENSG00000153006,SREK1IP1
1387,ENSG00000153012,LGI2
1388,ENSG00000153064,BANK1
1389,ENSG00000153066,TXNDC11
1390,ENSG00000153071,DAB2
1391,ENSG00000153094,BCL2L11
1392,ENSG00000153208,MERTK
1393,ENSG00000153234,NR4A2
1394,ENSG00000153292,ADGRF1
1395,ENSG00000153404,PLEKHG4B
1396,ENSG00000153446,C16orf89
1397,ENSG00000153561,RMND5A
1398,ENSG00000153563,CD8A
1399,ENSG00000153714,LURAP1L
1400,ENSG00000153789,CIBAR2
1401,ENSG00000153802,TMPRSS11D
1402,ENSG00000153823,PID1
1403,ENSG00000153902,LGI4
1404,ENSG00000154027,AK5
1405,ENSG00000154096,THY1
1406,ENSG00000154099,DNAAF1
1407,ENSG00000154133,ROBO4
1408,ENSG00000154175,ABI3BP
1409,ENSG00000154227,CERS3
1410,ENSG00000154258,ABCA9
1411,ENSG00000154262,ABCA6
1412,ENSG00000154274,C4orf19
1413,ENSG00000154277,UCHL1
1414,ENSG00000154451,GBP5
1415,ENSG00000154553,PDLIM3
1416,ENSG00000154556,SORBS2
1417,ENSG00000154721,JAM2
1418,ENSG00000154734,ADAMTS1
1419,ENSG00000154736,ADAMTS5
1420,ENSG00000154856,APCDD1
1421,ENSG00000154864,PIEZO2
1422,ENSG00000155011,DKK2
1423,ENSG00000155090,KLF10
1424,ENSG00000155189,AGPAT5
1425,ENSG00000155307,SAMSN1
1426,ENSG00000155465,SLC7A7
1427,ENSG00000155629,PIK3AP1
1428,ENSG00000155657,TTN
1429,ENSG00000155659,VSIG4
1430,ENSG00000155719,OTOA
1431,ENSG00000155918,RAET1L
1432,ENSG00000155926,SLA
1433,ENSG00000155962,CLIC2
1434,ENSG00000156011,PSD3
1435,ENSG00000156076,WIF1
1436,ENSG00000156113,KCNMA1
1437,ENSG00000156127,BATF
1438,ENSG00000156234,CXCL13
1439,ENSG00000156265,MAP3K7CL
1440,ENSG00000156282,CLDN17
1441,ENSG00000156298,TSPAN7
1442,ENSG00000156453,PCDH1
1443,ENSG00000156689,GLYATL2
1444,ENSG00000156738,MS4A1
1445,ENSG00000156804,FBXO32
1446,ENSG00000156885,COX6A2
1447,ENSG00000156886,ITGAD
1448,ENSG00000157107,FCHO2
1449,ENSG00000157168,NRG1
1450,ENSG00000157214,STEAP2
1451,ENSG00000157227,MMP14
1452,ENSG00000157404,KIT
1453,ENSG00000157456,CCNB2
1454,ENSG00000157542,KCNJ6
1455,ENSG00000157613,CREB3L1
1456,ENSG00000157680,DGKI
1457,ENSG00000157703,SVOPL
1458,ENSG00000157765,SLC34A2
1459,ENSG00000157766,ACAN
1460,ENSG00000158022,TRIM63
1461,ENSG00000158050,DUSP2
1462,ENSG00000158055,GRHL3
1463,ENSG00000158125,XDH
1464,ENSG00000158220,ESYT3
1465,ENSG00000158258,CLSTN2
1466,ENSG00000158270,COLEC12
1467,ENSG00000158406,H4C8
1468,ENSG00000158457,TSPAN33
1469,ENSG00000158477,CD1A
1470,ENSG00000158481,CD1C
1471,ENSG00000158485,CD1B
1472,ENSG00000158488,CD1E
1473,ENSG00000158517,NCF1
1474,ENSG00000158560,DYNC1I1
1475,ENSG00000158578,ALAS2
1476,ENSG00000158639,PAGE5
1477,ENSG00000158714,SLAMF8
1478,ENSG00000158786,PLA2G2F
1479,ENSG00000158825,CDA
1480,ENSG00000158859,ADAMTS4
1481,ENSG00000158869,FCER1G
1482,ENSG00000158887,MPZ
1483,ENSG00000159167,STC1
1484,ENSG00000159173,TNNI1
1485,ENSG00000159189,C1QC
1486,ENSG00000159200,RCAN1
1487,ENSG00000159251,ACTC1
1488,ENSG00000159261,CLDN14
1489,ENSG00000159263,SIM2
1490,ENSG00000159337,PLA2G4D
1491,ENSG00000159399,HK2
1492,ENSG00000159403,C1R
1493,ENSG00000159450,TCHH
1494,ENSG00000159455,LCE2B
1495,ENSG00000159516,SPRR2G
1496,ENSG00000159674,SPON2
1497,ENSG00000159685,CHCHD6
1498,ENSG00000159713,TPPP3
1499,ENSG00000159763,PIP
1500,ENSG00000159871,LYPD5
1501,ENSG00000159899,NPR2
1502,ENSG00000160013,PTGIR
1503,ENSG00000160161,CILP2
1504,ENSG00000160180,TFF3
1505,ENSG00000160213,CSTB
1506,ENSG00000160224,AIRE
1507,ENSG00000160255,ITGB2
1508,ENSG00000160307,S100B
1509,ENSG00000160360,GPSM1
1510,ENSG00000160588,MPZL3
1511,ENSG00000160593,JAML
1512,ENSG00000160654,CD3G
1513,ENSG00000160678,S100A1
1514,ENSG00000160712,IL6R
1515,ENSG00000160862,AZGP1
1516,ENSG00000160886,LY6K
1517,ENSG00000160951,PTGER1
1518,ENSG00000161011,SQSTM1
1519,ENSG00000161055,SCGB3A1
1520,ENSG00000161091,MFSD12
1521,ENSG00000161249,DMKN
1522,ENSG00000161281,COX7A1
1523,ENSG00000161381,PLXDC1
1524,ENSG00000161533,ACOX1
1525,ENSG00000161544,CYGB
1526,ENSG00000161570,CCL5
1527,ENSG00000161634,DCD
1528,ENSG00000161638,ITGA5
1529,ENSG00000161649,CD300LG
1530,ENSG00000161798,AQP5
1531,ENSG00000161835,TAMALIN
1532,ENSG00000161850,KRT82
1533,ENSG00000161911,TREML1
1534,ENSG00000161921,CXCL16
1535,ENSG00000161929,SCIMP
1536,ENSG00000162040,HS3ST6
1537,ENSG00000162144,CYB561A3
1538,ENSG00000162267,ITIH3
1539,ENSG00000162344,FGF19
1540,ENSG00000162366,PDZK1IP1
1541,ENSG00000162374,ELAVL4
1542,ENSG00000162407,PLPP3
1543,ENSG00000162413,KLHL21
1544,ENSG00000162444,RBP7
1545,ENSG00000162493,PDPN
1546,ENSG00000162511,LAPTM5
1547,ENSG00000162512,SDC3
1548,ENSG00000162545,CAMK2N1
1549,ENSG00000162551,ALPL
1550,ENSG00000162552,WNT4
1551,ENSG00000162572,SCNN1D
1552,ENSG00000162576,MXRA8
1553,ENSG00000162595,DIRAS3
1554,ENSG00000162618,ADGRL4
1555,ENSG00000162624,LHX8
1556,ENSG00000162654,GBP4
1557,ENSG00000162692,VCAM1
1558,ENSG00000162706,CADM3
1559,ENSG00000162711,NLRP3
1560,ENSG00000162722,TRIM58
1561,ENSG00000162723,SLAMF9
1562,ENSG00000162733,DDR2
1563,ENSG00000162745,OLFML2B
1564,ENSG00000162747,FCGR3B
1565,ENSG00000162772,ATF3
1566,ENSG00000162783,IER5
1567,ENSG00000162852,CNST
1568,ENSG00000162878,PKDCC
1569,ENSG00000162891,IL20
1570,ENSG00000162892,IL24
1571,ENSG00000162980,ARL5A
1572,ENSG00000162998,FRZB
1573,ENSG00000163017,ACTG2
1574,ENSG00000163072,NOSTRIN
1575,ENSG00000163092,XIRP2
1576,ENSG00000163106,HPGDS
1577,ENSG00000163131,CTSS
1578,ENSG00000163132,MSX1
1579,ENSG00000163202,LCE3D
1580,ENSG00000163206,SMCP
1581,ENSG00000163207,IVL
1582,ENSG00000163209,SPRR3
1583,ENSG00000163216,SPRR2D
1584,ENSG00000163220,S100A9
1585,ENSG00000163221,S100A12
1586,ENSG00000163235,TGFA
1587,ENSG00000163273,NPPC
1588,ENSG00000163331,DAPL1
1589,ENSG00000163347,CLDN1
1590,ENSG00000163359,COL6A3
1591,ENSG00000163389,POGLUT1
1592,ENSG00000163395,IGFN1
1593,ENSG00000163421,PROK2
1594,ENSG00000163430,FSTL1
1595,ENSG00000163431,LMOD1
1596,ENSG00000163435,ELF3
1597,ENSG00000163453,IGFBP7
1598,ENSG00000163518,FCRL4
1599,ENSG00000163520,FBLN2
1600,ENSG00000163536,SERPINI1
1601,ENSG00000163563,MNDA
1602,ENSG00000163599,CTLA4
1603,ENSG00000163600,ICOS
1604,ENSG00000163602,RYBP
1605,ENSG00000163630,SYNPR
1606,ENSG00000163638,ADAMTS9
1607,ENSG00000163661,PTX3
1608,ENSG00000163687,DNASE1L3
1609,ENSG00000163694,RBM47
1610,ENSG00000163710,PCOLCE2
1611,ENSG00000163734,CXCL3
1612,ENSG00000163735,CXCL5
1613,ENSG00000163736,PPBP
1614,ENSG00000163739,CXCL1
1615,ENSG00000163751,CPA3
1616,ENSG00000163762,TM4SF18
1617,ENSG00000163808,KIF15
1618,ENSG00000163815,CLEC3B
1619,ENSG00000163823,CCR1
1620,ENSG00000163993,S100P
1621,ENSG00000164023,SGMS2
1622,ENSG00000164035,EMCN
1623,ENSG00000164038,SLC9B2
1624,ENSG00000164047,CAMP
1625,ENSG00000164056,SPRY1
1626,ENSG00000164104,HMGB2
1627,ENSG00000164116,GUCY1A1
1628,ENSG00000164120,HPGD
1629,ENSG00000164125,GASK1B
1630,ENSG00000164161,HHIP
1631,ENSG00000164171,ITGA2
1632,ENSG00000164176,EDIL3
1633,ENSG00000164181,ELOVL7
1634,ENSG00000164236,ANKRD33B
1635,ENSG00000164266,SPINK1
1636,ENSG00000164283,ESM1
1637,ENSG00000164284,GRPEL2
1638,ENSG00000164292,RHOBTB3
1639,ENSG00000164294,GPX8
1640,ENSG00000164318,EGFLAM
1641,ENSG00000164330,EBF1
1642,ENSG00000164379,FOXQ1
1643,ENSG00000164400,CSF2
1644,ENSG00000164434,FABP7
1645,ENSG00000164442,CITED2
1646,ENSG00000164451,CALHM4
1647,ENSG00000164463,CREBRF
1648,ENSG00000164485,IL22RA2
1649,ENSG00000164512,ANKRD55
1650,ENSG00000164530,PI16
1651,ENSG00000164588,HCN1
1652,ENSG00000164611,PTTG1
1653,ENSG00000164647,STEAP1
1654,ENSG00000164683,HEY1
1655,ENSG00000164687,FABP5
1656,ENSG00000164690,SHH
1657,ENSG00000164692,COL1A2
1658,ENSG00000164694,FNDC1
1659,ENSG00000164708,PGAM2
1660,ENSG00000164733,CTSB
1661,ENSG00000164736,SOX17
1662,ENSG00000164741,DLC1
1663,ENSG00000164761,TNFRSF11B
1664,ENSG00000164764,SBSPON
1665,ENSG00000164825,DEFB1
1666,ENSG00000164920,OSR2
1667,ENSG00000164932,CTHRC1
1668,ENSG00000164935,DCSTAMP
1669,ENSG00000164938,TP53INP1
1670,ENSG00000164949,GEM
1671,ENSG00000165029,ABCA1
1672,ENSG00000165030,NFIL3
1673,ENSG00000165092,ALDH1A1
1674,ENSG00000165124,SVEP1
1675,ENSG00000165140,FBP1
1676,ENSG00000165168,CYBB
1677,ENSG00000165197,VEGFD
1678,ENSG00000165215,CLDN3
1679,ENSG00000165272,AQP3
1680,ENSG00000165300,SLITRK5
1681,ENSG00000165424,ZCCHC24
1682,ENSG00000165457,FOLR2
1683,ENSG00000165474,GJB2
1684,ENSG00000165507,DEPP1
1685,ENSG00000165556,CDX2
1686,ENSG00000165646,SLC18A2
1687,ENSG00000165695,AK8
1688,ENSG00000165795,NDRG2
1689,ENSG00000165799,RNASE7
1690,ENSG00000165810,BTNL9
1691,ENSG00000165949,IFI27
1692,ENSG00000165953,SERPINA12
1693,ENSG00000165973,NELL1
1694,ENSG00000165997,ARL5B
1695,ENSG00000166024,R3HCC1L
1696,ENSG00000166033,HTRA1
1697,ENSG00000166046,TCP11L2
1698,ENSG00000166068,SPRED1
1699,ENSG00000166147,FBN1
1700,ENSG00000166148,AVPR1A
1701,ENSG00000166165,CKB
1702,ENSG00000166167,BTRC
1703,ENSG00000166183,ASPG
1704,ENSG00000166250,CLMP
1705,ENSG00000166265,CYYR1
1706,ENSG00000166278,C2
1707,ENSG00000166292,TMEM100
1708,ENSG00000166396,SERPINB7
1709,ENSG00000166415,WDR72
1710,ENSG00000166426,CRABP1
1711,ENSG00000166428,PLD4
1712,ENSG00000166482,MFAP4
1713,ENSG00000166509,CLEC3A
1714,ENSG00000166510,CCDC68
1715,ENSG00000166523,CLEC4E
1716,ENSG00000166532,RIMKLB
1717,ENSG00000166535,A2ML1
1718,ENSG00000166562,SEC11C
1719,ENSG00000166589,CDH16
1720,ENSG00000166592,RRAD
1721,ENSG00000166598,HSP90B1
1722,ENSG00000166670,MMP10
1723,ENSG00000166676,TVP23A
1724,ENSG00000166736,HTR3A
1725,ENSG00000166741,NNMT
1726,ENSG00000166803,PCLAF
1727,ENSG00000166825,ANPEP
1728,ENSG00000166828,SCNN1G
1729,ENSG00000166851,PLK1
1730,ENSG00000166869,CHP2
1731,ENSG00000166900,STX3
1732,ENSG00000166920,C15orf48
1733,ENSG00000166922,SCG5
1734,ENSG00000166923,GREM1
1735,ENSG00000166927,MS4A7
1736,ENSG00000166963,MAP1A
1737,ENSG00000167123,CERCAM
1738,ENSG00000167157,PRRX2
1739,ENSG00000167232,ZNF91
1740,ENSG00000167236,CCL23
1741,ENSG00000167244,IGF2
1742,ENSG00000167286,CD3D
1743,ENSG00000167306,MYO5B
1744,ENSG00000167414,GNG8
1745,ENSG00000167434,CA4
1746,ENSG00000167476,JSRP1
1747,ENSG00000167483,NIBAN3
1748,ENSG00000167552,TUBA1A
1749,ENSG00000167601,AXL
1750,ENSG00000167613,LAIR1
1751,ENSG00000167617,CDC42EP5
1752,ENSG00000167618,LAIR2
1753,ENSG00000167641,PPP1R14A
1754,ENSG00000167656,LY6D
1755,ENSG00000167680,SEMA6B
1756,ENSG00000167693,NXN
1757,ENSG00000167703,SLC43A2
1758,ENSG00000167723,TRPV3
1759,ENSG00000167740,CYB5D2
1760,ENSG00000167748,KLK1
1761,ENSG00000167749,KLK4
1762,ENSG00000167754,KLK5
1763,ENSG00000167755,KLK6
1764,ENSG00000167757,KLK11
1765,ENSG00000167759,KLK13
1766,ENSG00000167767,KRT80
1767,ENSG00000167768,KRT1
1768,ENSG00000167769,ACER1
1769,ENSG00000167772,ANGPTL4
1770,ENSG00000167779,IGFBP6
1771,ENSG00000167900,TK1
1772,ENSG00000167914,GSDMA
1773,ENSG00000167916,KRT24
1774,ENSG00000167920,KRT10-AS1
1775,ENSG00000167941,SOST
1776,ENSG00000167968,DNASE1L2
1777,ENSG00000167996,FTH1
1778,ENSG00000168078,PBK
1779,ENSG00000168079,SCARA5
1780,ENSG00000168140,VASN
1781,ENSG00000168209,DDIT4
1782,ENSG00000168243,GNG4
1783,ENSG00000168274,HIST1H2AE
1784,ENSG00000168275,COA6
1785,ENSG00000168298,H1-4
1786,ENSG00000168309,FAM107A
1787,ENSG00000168329,CX3CR1
1788,ENSG00000168333,PPDPFL
1789,ENSG00000168334,XIRP1
1790,ENSG00000168348,INSM2
1791,ENSG00000168350,DEGS2
1792,ENSG00000168367,LINC00917
1793,ENSG00000168386,FILIP1L
1794,ENSG00000168447,SCNN1B
1795,ENSG00000168461,RAB31
1796,ENSG00000168477,TNXB
1797,ENSG00000168481,LGI3
1798,ENSG00000168487,BMP1
1799,ENSG00000168497,CAVIN2
1800,ENSG00000168528,SERINC2
1801,ENSG00000168542,COL3A1
1802,ENSG00000168615,ADAM9
1803,ENSG00000168621,GDNF
1804,ENSG00000168671,UGT3A2
1805,ENSG00000168672,LRATD2
1806,ENSG00000168675,LDLRAD4
1807,ENSG00000168685,IL7R
1808,ENSG00000168703,WFDC12
1809,ENSG00000168874,ATOH8
1810,ENSG00000168878,SFTPB
1811,ENSG00000168913,ENHO
1812,ENSG00000168938,PPIC
1813,ENSG00000168952,STXBP6
1814,ENSG00000168961,LGALS9
1815,ENSG00000169035,KLK7
1816,ENSG00000169067,ACTBL2
1817,ENSG00000169136,ATF5
1818,ENSG00000169194,IL13
1819,ENSG00000169213,RAB3B
1820,ENSG00000169224,GCSAML
1821,ENSG00000169245,CXCL10
1822,ENSG00000169248,CXCL11
1823,ENSG00000169271,HSPB3
1824,ENSG00000169385,RNASE2
1825,ENSG00000169403,PTAFR
1826,ENSG00000169413,RNASE6
1827,ENSG00000169429,CXCL8
1828,ENSG00000169432,SCN9A
1829,ENSG00000169435,RASSF6
1830,ENSG00000169439,SDC2
1831,ENSG00000169469,SPRR1B
1832,ENSG00000169474,SPRR1A
1833,ENSG00000169508,GPR183
1834,ENSG00000169509,CRCT1
1835,ENSG00000169554,ZEB2
1836,ENSG00000169583,CLIC3
1837,ENSG00000169604,ANTXR1
1838,ENSG00000169679,BUB1
1839,ENSG00000169715,MT1E
1840,ENSG00000169744,LDB2
1841,ENSG00000169783,LINGO1
1842,ENSG00000169860,P2RY1
1843,ENSG00000169877,AHSP
1844,ENSG00000169900,PYDC1
1845,ENSG00000169905,TOR1AIP2
1846,ENSG00000169908,TM4SF1
1847,ENSG00000169991,IFFO2
1848,ENSG00000170017,ALCAM
1849,ENSG00000170044,ZPLD1
1850,ENSG00000170054,SERPINA9
1851,ENSG00000170175,CHRNB1
1852,ENSG00000170185,USP38
1853,ENSG00000170290,SLN
1854,ENSG00000170312,CDK1
1855,ENSG00000170323,FABP4
1856,ENSG00000170345,FOS
1857,ENSG00000170373,CST1
1858,ENSG00000170374,SP7
1859,ENSG00000170412,GPRC5C
1860,ENSG00000170421,KRT8
1861,ENSG00000170423,KRT78
1862,ENSG00000170426,SDR9C7
1863,ENSG00000170439,TMT1B
1864,ENSG00000170442,KRT86
1865,ENSG00000170454,KRT75
1866,ENSG00000170458,CD14
1867,ENSG00000170465,KRT6C
1868,ENSG00000170476,MZB1
1869,ENSG00000170484,KRT74
1870,ENSG00000170486,KRT72
1871,ENSG00000170523,KRT83
1872,ENSG00000170525,PFKFB3
1873,ENSG00000170542,SERPINB9
1874,ENSG00000170549,IRX1
1875,ENSG00000170786,SDR16C5
1876,ENSG00000170801,HTRA3
1877,ENSG00000170848,PSG6
1878,ENSG00000170866,LILRA3
1879,ENSG00000170891,CYTL1
1880,ENSG00000170893,TRH
1881,ENSG00000170955,CAVIN3
1882,ENSG00000170961,HAS2
1883,ENSG00000170962,PDGFD
1884,ENSG00000171049,FPR2
1885,ENSG00000171051,FPR1
1886,ENSG00000171102,OBP2B
1887,ENSG00000171234,UGT2B7
1888,ENSG00000171241,SHCBP1
1889,ENSG00000171243,SOSTDC1
1890,ENSG00000171246,NPTX1
1891,ENSG00000171345,KRT19
1892,ENSG00000171346,KRT15
1893,ENSG00000171365,CLCN5
1894,ENSG00000171401,KRT13
1895,ENSG00000171446,KRT27
1896,ENSG00000171476,HOPX
1897,ENSG00000171551,ECEL1
1898,ENSG00000171611,PTCRA
1899,ENSG00000171617,ENC1
1900,ENSG00000171711,DEFB4A
1901,ENSG00000171819,ANGPTL7
1902,ENSG00000171848,RRM2
1903,ENSG00000171860,C3AR1
1904,ENSG00000171864,PRND
1905,ENSG00000171903,CYP4F11
1906,ENSG00000171940,ZNF217
1907,ENSG00000171951,SCG2
1908,ENSG00000171954,CYP4F22
1909,ENSG00000171970,ZNF57
1910,ENSG00000172005,MAL
1911,ENSG00000172037,LAMB2
1912,ENSG00000172061,LRRC15
1913,ENSG00000172116,CD8B
1914,ENSG00000172137,CALB2
1915,ENSG00000172155,LCE1D
1916,ENSG00000172156,CCL11
1917,ENSG00000172175,MALT1
1918,ENSG00000172201,ID4
1919,ENSG00000172215,CXCR6
1920,ENSG00000172236,TPSAB1
1921,ENSG00000172243,CLEC7A
1922,ENSG00000172260,NEGR1
1923,ENSG00000172322,CLEC12A
1924,ENSG00000172379,ARNT2
1925,ENSG00000172382,PRSS27
1926,ENSG00000172403,SYNPO2
1927,ENSG00000172478,MAB21L4
1928,ENSG00000172482,AGXT
1929,ENSG00000172543,CTSW
1930,ENSG00000172551,MUCL1
1931,ENSG00000172602,RND1
1932,ENSG00000172638,EFEMP2
1933,ENSG00000172724,CCL19
1934,ENSG00000172731,LRRC20
1935,ENSG00000172752,COL6A5
1936,ENSG00000172867,KRT2
1937,ENSG00000172889,EGFL7
1938,ENSG00000172935,MRGPRF
1939,ENSG00000172939,OXSR1
1940,ENSG00000172965,MIR4435-2HG
1941,ENSG00000172969,FRG2C
1942,ENSG00000172986,GXYLT2
1943,ENSG00000172995,ARPP21
1944,ENSG00000173083,HPSE
1945,ENSG00000173110,HSPA6
1946,ENSG00000173156,RHOD
1947,ENSG00000173207,CKS1B
1948,ENSG00000173210,ABLIM3
1949,ENSG00000173221,GLRX
1950,ENSG00000173237,C11orf86
1951,ENSG00000173239,LIPM
1952,ENSG00000173267,SNCG
1953,ENSG00000173269,MMRN2
1954,ENSG00000173338,KCNK7
1955,ENSG00000173369,C1QB
1956,ENSG00000173372,C1QA
1957,ENSG00000173391,OLR1
1958,ENSG00000173404,INSM1
1959,ENSG00000173432,SAA1
1960,ENSG00000173546,CSPG4
1961,ENSG00000173559,NABP1
1962,ENSG00000173578,XCR1
1963,ENSG00000173641,HSPB7
1964,ENSG00000173706,HEG1
1965,ENSG00000173762,CD7
1966,ENSG00000173908,KRT28
1967,ENSG00000173918,C1QTNF1
1968,ENSG00000174059,CD34
1969,ENSG00000174145,NWD2
1970,ENSG00000174175,SELP
1971,ENSG00000174255,ZNF80
1972,ENSG00000174343,CHRNA9
1973,ENSG00000174348,PODN
1974,ENSG00000174460,ZCCHC12
1975,ENSG00000174502,SLC26A9
1976,ENSG00000174600,CMKLR1
1977,ENSG00000174640,SLCO2A1
1978,ENSG00000174697,LEP
1979,ENSG00000174705,SH3PXD2B
1980,ENSG00000174718,RESF1
1981,ENSG00000174738,NR1D2
1982,ENSG00000174807,CD248
1983,ENSG00000174808,BTC
1984,ENSG00000174944,P2RY14
1985,ENSG00000175003,SLC22A1
1986,ENSG00000175040,CHST2
1987,ENSG00000175063,UBE2C
1988,ENSG00000175065,DSG4
1989,ENSG00000175084,DES
1990,ENSG00000175121,WFDC5
1991,ENSG00000175130,MARCKSL1
1992,ENSG00000175183,CSRP2
1993,ENSG00000175315,CST6
1994,ENSG00000175344,CHRNA7
1995,ENSG00000175426,PCSK1
1996,ENSG00000175445,LPL
1997,ENSG00000175471,MCTP1
1998,ENSG00000175489,LRRC25
1999,ENSG00000175567,UCP2
2000,ENSG00000175691,ZNF77
2001,ENSG00000175820,CCDC168
2002,ENSG00000175868,CALCB
2003,ENSG00000175899,A2M
2004,ENSG00000175928,LRRN1
2005,ENSG00000175984,DENND2C
2006,ENSG00000175985,PLEKHD1
2007,ENSG00000176046,NUPR1
2008,ENSG00000176075,LINC00302
2009,ENSG00000176083,ZNF683
2010,ENSG00000176153,GPX2
2011,ENSG00000176170,SPHK1
2012,ENSG00000176171,BNIP3
2013,ENSG00000176177,ENTHD1
2014,ENSG00000176194,CIDEA
2015,ENSG00000176320,RP11-404O13.5
2016,ENSG00000176435,CLEC14A
2017,ENSG00000176485,PLAAT3
2018,ENSG00000176692,FOXC2
2019,ENSG00000176769,TCERG1L
2020,ENSG00000176788,BASP1
2021,ENSG00000176840,MIR7-3HG
2022,ENSG00000176845,METRNL
2023,ENSG00000176884,GRIN1
2024,ENSG00000176887,SOX11
2025,ENSG00000176890,TYMS
2026,ENSG00000176907,TCIM
2027,ENSG00000176956,LY6H
2028,ENSG00000176971,FIBIN
2029,ENSG00000177042,TMEM80
2030,ENSG00000177112,IRAG1-AS1
2031,ENSG00000177169,ULK1
2032,ENSG00000177238,TRIM72
2033,ENSG00000177257,DEFB4B
2034,ENSG00000177283,FZD8
2035,ENSG00000177455,CD19
2036,ENSG00000177469,CAVIN1
2037,ENSG00000177494,ZBED2
2038,ENSG00000177575,CD163
2039,ENSG00000177628,GBA1
2040,ENSG00000177706,FAM20C
2041,ENSG00000178075,GRAMD1C
2042,ENSG00000178104,PDE4DIP
2043,ENSG00000178172,SPINK6
2044,ENSG00000178175,ZNF366
2045,ENSG00000178363,CALML3
2046,ENSG00000178372,CALML5
2047,ENSG00000178381,ZFAND2A
2048,ENSG00000178585,CTNNBIP1
2049,ENSG00000178597,PSAPL1
2050,ENSG00000178695,KCTD12
2051,ENSG00000178719,GRINA
2052,ENSG00000178776,C5orf46
2053,ENSG00000178878,APOLD1
2054,ENSG00000178934,LGALS7B
2055,ENSG00000178977,LINC00324
2056,ENSG00000178999,AURKB
2057,ENSG00000179094,PER1
2058,ENSG00000179148,ALOXE3
2059,ENSG00000179163,FUCA1
2060,ENSG00000179344,HLA-DQB1
2061,ENSG00000179348,GATA2
2062,ENSG00000179388,EGR3
2063,ENSG00000179403,VWA1
2064,ENSG00000179477,ALOX12B
2065,ENSG00000179583,CIITA
2066,ENSG00000179630,LACC1
2067,ENSG00000179636,TPPP2
2068,ENSG00000179639,FCER1A
2069,ENSG00000179750,APOBEC3B
2070,ENSG00000179772,FOXS1
2071,ENSG00000179776,CDH5
2072,ENSG00000179862,CITED4
2073,ENSG00000179915,NRXN1
2074,ENSG00000179954,SSC5D
2075,ENSG00000180155,LYNX1
2076,ENSG00000180332,KCTD4
2077,ENSG00000180440,SERTM1
2078,ENSG00000180447,GAS1
2079,ENSG00000180530,NRIP1
2080,ENSG00000180549,FUT7
2081,ENSG00000180644,PRF1
2082,ENSG00000180660,MAB21L1
2083,ENSG00000180667,YOD1
2084,ENSG00000180730,SHISA2
2085,ENSG00000180758,GPR157
2086,ENSG00000180777,ANKRD30B
2087,ENSG00000180875,GREM2
2088,ENSG00000180879,SSR4
2089,ENSG00000181019,NQO1
2090,ENSG00000181143,MUC16
2091,ENSG00000181195,PENK
2092,ENSG00000181218,H2AC25
2093,ENSG00000181333,HEPHL1
2094,ENSG00000181374,CCL13
2095,ENSG00000181449,SOX2
2096,ENSG00000181458,TMEM45A
2097,ENSG00000181467,RAP2B
2098,ENSG00000181617,FDCSP
2099,ENSG00000181631,P2RY13
2100,ENSG00000181634,TNFSF15
2101,ENSG00000181649,PHLDA2
2102,ENSG00000181652,ATG9B
2103,ENSG00000181744,DIPK2A
2104,ENSG00000181847,TIGIT
2105,ENSG00000181885,CLDN7
2106,ENSG00000182010,RTKN2
2107,ENSG00000182054,IDH2
2108,ENSG00000182107,TMEM30B
2109,ENSG00000182132,KCNIP1
2110,ENSG00000182223,ZAR1
2111,ENSG00000182240,BACE2
2112,ENSG00000182253,SYNM
2113,ENSG00000182261,NLRP10
2114,ENSG00000182287,AP1S2
2115,ENSG00000182326,C1S
2116,ENSG00000182378,PLCXD1
2117,ENSG00000182481,KPNA2
2118,ENSG00000182489,XKRX
2119,ENSG00000182492,BGN
2120,ENSG00000182566,CLEC4G
2121,ENSG00000182578,CSF1R
2122,ENSG00000182580,EPHB3
2123,ENSG00000182591,KRTAP11-1
2124,ENSG00000182600,SNORC
2125,ENSG00000182612,TSPAN10
2126,ENSG00000182636,NDN
2127,ENSG00000182667,NTM
2128,ENSG00000182752,PAPPA
2129,ENSG00000182795,C1orf116
2130,ENSG00000182809,CRIP2
2131,ENSG00000182836,PLCXD3
2132,ENSG00000182851,GPIHBP1
2133,ENSG00000182853,VMO1
2134,ENSG00000182871,COL18A1
2135,ENSG00000182916,TCEAL7
2136,ENSG00000182985,CADM1
2137,ENSG00000183018,SPNS2
2138,ENSG00000183019,MCEMP1
2139,ENSG00000183023,SLC8A1
2140,ENSG00000183098,GPC6
2141,ENSG00000183160,TMEM119
2142,ENSG00000183287,CCBE1
2143,ENSG00000183395,PMCH
2144,ENSG00000183479,TREX2
2145,ENSG00000183508,TENT5C
2146,ENSG00000183615,FAM167B
2147,ENSG00000183668,PSG9
2148,ENSG00000183674,LINC00518
2149,ENSG00000183688,RFLNB
2150,ENSG00000183696,UPP1
2151,ENSG00000183722,LHFPL6
2152,ENSG00000183742,MACC1
2153,ENSG00000183748,MRC1L1
2154,ENSG00000183760,ACP7
2155,ENSG00000183783,KCTD8
2156,ENSG00000183807,FAM162B
2157,ENSG00000183963,SMTN
2158,ENSG00000183971,NPW
2159,ENSG00000183979,NPB
2160,ENSG00000184060,ADAP2
2161,ENSG00000184113,CLDN5
2162,ENSG00000184148,SPRR4
2163,ENSG00000184160,ADRA2C
2164,ENSG00000184163,C1QTNF12
2165,ENSG00000184185,KCNJ12
2166,ENSG00000184254,ALDH1A3
2167,ENSG00000184260,H2AC20
2168,ENSG00000184292,TACSTD2
2169,ENSG00000184330,S100A7A
2170,ENSG00000184347,SLIT3
2171,ENSG00000184351,KRTAP19-1
2172,ENSG00000184357,H1-5
2173,ENSG00000184371,CSF1
2174,ENSG00000184459,BPIFC
2175,ENSG00000184489,PTP4A3
2176,ENSG00000184492,FOXD4L1
2177,ENSG00000184502,GAST
2178,ENSG00000184545,DUSP8
2179,ENSG00000184557,SOCS3
2180,ENSG00000184709,LRRC26
2181,ENSG00000184731,FAM110C
2182,ENSG00000184788,SATL1
2183,ENSG00000184792,OSBP2
2184,ENSG00000185022,MAFF
2185,ENSG00000185112,FAM43A
2186,ENSG00000185149,NPY2R
2187,ENSG00000185198,PRSS57
2188,ENSG00000185215,TNFAIP2
2189,ENSG00000185269,NOTUM
2190,ENSG00000185291,IL3RA
2191,ENSG00000185339,TCN2
2192,ENSG00000185467,KPNA7
2193,ENSG00000185479,KRT6B
2194,ENSG00000185507,IRF7
2195,ENSG00000185551,NR2F2
2196,ENSG00000185559,DLK1
2197,ENSG00000185565,LSAMP
2198,ENSG00000185633,NDUFA4L2
2199,ENSG00000185640,KRT79
2200,ENSG00000185664,PMEL
2201,ENSG00000185674,LYG2
2202,ENSG00000185739,SRL
2203,ENSG00000185745,IFIT1
2204,ENSG00000185873,TMPRSS11B
2205,ENSG00000185897,FFAR3
2206,ENSG00000185950,IRS2
2207,ENSG00000185960,SHOX
2208,ENSG00000185962,LCE3A
2209,ENSG00000185966,LCE3E
2210,ENSG00000186049,KRT73
2211,ENSG00000186074,CD300LF
2212,ENSG00000186081,KRT5
2213,ENSG00000186115,CYP4F2
2214,ENSG00000186160,CYP4Z1
2215,ENSG00000186188,FFAR4
2216,ENSG00000186191,BPIFB4
2217,ENSG00000186204,CYP4F12
2218,ENSG00000186207,LCE5A
2219,ENSG00000186226,LCE1E
2220,ENSG00000186300,ZNF555
2221,ENSG00000186340,THBS2
2222,ENSG00000186352,ANKRD37
2223,ENSG00000186354,C9orf47
2224,ENSG00000186395,KRT10
2225,ENSG00000186407,CD300E
2226,ENSG00000186442,KRT3
2227,ENSG00000186474,KLK12
2228,ENSG00000186480,INSIG1
2229,ENSG00000186526,CYP4F8
2230,ENSG00000186529,CYP4F3
2231,ENSG00000186710,CFAP73
2232,ENSG00000186806,VSIG10L
2233,ENSG00000186818,LILRB4
2234,ENSG00000186827,TNFRSF4
2235,ENSG00000186832,KRT16
2236,ENSG00000186834,HEXIM1
2237,ENSG00000186844,LCE1A
2238,ENSG00000186847,KRT14
2239,ENSG00000186860,KRTAP17-1
2240,ENSG00000186891,TNFRSF18
2241,ENSG00000186977,KRTAP19-5
2242,ENSG00000186998,EMID1
2243,ENSG00000187054,TMPRSS11A
2244,ENSG00000187079,TEAD1
2245,ENSG00000187094,CCK
2246,ENSG00000187098,MITF
2247,ENSG00000187116,LILRA5
2248,ENSG00000187134,AKR1C1
2249,ENSG00000187140,FOXD3
2250,ENSG00000187164,SHTN1
2251,ENSG00000187173,LCE2A
2252,ENSG00000187180,LCE2C
2253,ENSG00000187193,MT1X
2254,ENSG00000187223,LCE2D
2255,ENSG00000187244,BCAM
2256,ENSG00000187268,FAM9C
2257,ENSG00000187323,DCC
2258,ENSG00000187474,FPR3
2259,ENSG00000187479,C11orf96
2260,ENSG00000187498,COL4A1
2261,ENSG00000187513,GJA4
2262,ENSG00000187608,ISG15
2263,ENSG00000187664,HAPLN4
2264,ENSG00000187672,ERC2
2265,ENSG00000187796,CARD9
2266,ENSG00000187837,H1-2
2267,ENSG00000187848,P2RX2
2268,ENSG00000187955,COL14A1
2269,ENSG00000188001,TPRG1
2270,ENSG00000188015,S100A3
2271,ENSG00000188042,ARL4C
2272,ENSG00000188060,RAB42
2273,ENSG00000188100,FAM25A
2274,ENSG00000188112,C6orf132
2275,ENSG00000188257,PLA2G2A
2276,ENSG00000188277,C15orf62
2277,ENSG00000188282,RUFY4
2278,ENSG00000188290,HES4
2279,ENSG00000188293,IGFL1
2280,ENSG00000188373,GPR15LG
2281,ENSG00000188467,SLC24A5
2282,ENSG00000188483,IER5L
2283,ENSG00000188486,H2AX
2284,ENSG00000188488,SERPINA5
2285,ENSG00000188505,NCCRP1
2286,ENSG00000188508,KRTDAP
2287,ENSG00000188536,HBA2
2288,ENSG00000188624,IGFL3
2289,ENSG00000188686,SCXA
2290,ENSG00000188783,PRELP
2291,ENSG00000188820,CALHM6
2292,ENSG00000188916,INSYN2A
2293,ENSG00000188958,UTS2B
2294,ENSG00000189001,SBSN
2295,ENSG00000189051,RNF222
2296,ENSG00000189056,RELN
2297,ENSG00000189057,FAM111B
2298,ENSG00000189058,APOD
2299,ENSG00000189060,H1-0
2300,ENSG00000189090,FAM25G
2301,ENSG00000189120,SP6
2302,ENSG00000189129,PLAC9
2303,ENSG00000189143,CLDN4
2304,ENSG00000189171,S100A13
2305,ENSG00000189182,KRT77
2306,ENSG00000189184,PCDH18
2307,ENSG00000189221,MAOA
2308,ENSG00000189266,PNRC2
2309,ENSG00000189320,FAM180A
2310,ENSG00000189334,S100A14
2311,ENSG00000189377,CXCL17
2312,ENSG00000189409,MMP23B
2313,ENSG00000189410,SH2D5
2314,ENSG00000189431,RASSF10
2315,ENSG00000189433,GJB4
2316,ENSG00000196126,HLA-DRB1
2317,ENSG00000196136,SERPINA3
2318,ENSG00000196139,AKR1C3
2319,ENSG00000196154,S100A4
2320,ENSG00000196172,ZNF681
2321,ENSG00000196352,CD55
2322,ENSG00000196361,ELAVL3
2323,ENSG00000196407,THEM5
2324,ENSG00000196533,C1orf186
2325,ENSG00000196542,SPTSSB
2326,ENSG00000196549,MME
2327,ENSG00000196569,LAMA2
2328,ENSG00000196581,AJAP1
2329,ENSG00000196586,MYO6
2330,ENSG00000196611,MMP1
2331,ENSG00000196616,ADH1B
2332,ENSG00000196628,TCF4
2333,ENSG00000196705,ZNF431
2334,ENSG00000196734,LCE1B
2335,ENSG00000196735,HLA-DQA1
2336,ENSG00000196743,GM2A
2337,ENSG00000196754,S100A2
2338,ENSG00000196787,H2AC11
2339,ENSG00000196805,SPRR2B
2340,ENSG00000196878,LAMB3
2341,ENSG00000197019,SERTAD1
2342,ENSG00000197046,SIGLEC15
2343,ENSG00000197061,H4C3
2344,ENSG00000197079,KRT35
2345,ENSG00000197084,LCE1C
2346,ENSG00000197106,SLC6A17
2347,ENSG00000197191,CYSRT1
2348,ENSG00000197208,SLC22A4
2349,ENSG00000197245,FAM110D
2350,ENSG00000197249,SERPINA1
2351,ENSG00000197253,TPSB2
2352,ENSG00000197262,CCL4L2
2353,ENSG00000197272,IL27
2354,ENSG00000197279,ZNF165
2355,ENSG00000197353,LYPD2
2356,ENSG00000197372,ZNF675
2357,ENSG00000197380,DACT3
2358,ENSG00000197405,C5AR1
2359,ENSG00000197406,DIO3
2360,ENSG00000197415,VEPH1
2361,ENSG00000197461,PDGFA
2362,ENSG00000197561,ELANE
2363,ENSG00000197594,ENPP1
2364,ENSG00000197614,MFAP5
2365,ENSG00000197629,MPEG1
2366,ENSG00000197632,SERPINB2
2367,ENSG00000197641,SERPINB13
2368,ENSG00000197683,KRTAP26-1
2369,ENSG00000197696,NMB
2370,ENSG00000197746,PSAP
2371,ENSG00000197766,CFD
2372,ENSG00000197822,OCLN
2373,ENSG00000197872,CYRIA
2374,ENSG00000197893,NRAP
2375,ENSG00000197915,HRNR
2376,ENSG00000197921,HES5
2377,ENSG00000197930,ERO1A
2378,ENSG00000197943,PLCG2
2379,ENSG00000197948,FCHSD1
2380,ENSG00000197953,AADACL2
2381,ENSG00000197956,S100A6
2382,ENSG00000197989,SNHG12
2383,ENSG00000197992,CLEC9A
2384,ENSG00000198074,AKR1B10
2385,ENSG00000198092,TMPRSS11F
2386,ENSG00000198099,ADH4
2387,ENSG00000198106,SNX29P2
2388,ENSG00000198121,LPAR1
2389,ENSG00000198125,MB
2390,ENSG00000198142,SOWAHC
2391,ENSG00000198178,CLEC4C
2392,ENSG00000198223,CSF2RA
2393,ENSG00000198246,SLC29A3
2394,ENSG00000198336,MYL4
2395,ENSG00000198417,MT1F
2396,ENSG00000198431,TXNRD1
2397,ENSG00000198435,NRARP
2398,ENSG00000198467,TPM2
2399,ENSG00000198502,HLA-DRB5
2400,ENSG00000198523,PLN
2401,ENSG00000198542,ITGBL1
2402,ENSG00000198576,ARC
2403,ENSG00000198643,FAM3D
2404,ENSG00000198682,PAPSS2
2405,ENSG00000198719,DLL1
2406,ENSG00000198734,F5
2407,ENSG00000198743,SLC5A3
2408,ENSG00000198754,OXCT2
2409,ENSG00000198759,EGFL6
2410,ENSG00000198768,APCDD1L
2411,ENSG00000198796,ALPK2
2412,ENSG00000198814,GK
2413,ENSG00000198829,SUCNR1
2414,ENSG00000198832,SELENOM
2415,ENSG00000198848,CES1
2416,ENSG00000198853,RUSC2
2417,ENSG00000198854,KPLCE
2418,ENSG00000198900,TOP1
2419,ENSG00000198901,PRC1
2420,ENSG00000198910,L1CAM
2421,ENSG00000198959,TGM2
2422,ENSG00000198963,RORB
2423,ENSG00000203446,SUGCT-AS1
2424,ENSG00000203688,LINC02487
2425,ENSG00000203722,RAET1G
2426,ENSG00000203747,FCGR3A
2427,ENSG00000203760,CENPW
2428,ENSG00000203782,LORICRIN
2429,ENSG00000203783,PRR9
2430,ENSG00000203784,LELP1
2431,ENSG00000203785,SPRR2E
2432,ENSG00000203786,KPRP
2433,ENSG00000203837,PNLIPRP3
2434,ENSG00000203883,SOX18
2435,ENSG00000204010,IFIT1B
2436,ENSG00000204020,LIPN
2437,ENSG00000204021,LIPK
2438,ENSG00000204103,MAFB
2439,ENSG00000204138,PHACTR4
2440,ENSG00000204178,MACO1
2441,ENSG00000204252,HLA-DOA
2442,ENSG00000204257,HLA-DMA
2443,ENSG00000204262,COL5A2
2444,ENSG00000204287,HLA-DRA
2445,ENSG00000204291,COL15A1
2446,ENSG00000204301,NOTCH4
2447,ENSG00000204323,SMIM5
2448,ENSG00000204363,SPANXN5
2449,ENSG00000204388,HSPA1B
2450,ENSG00000204389,HSPA1A
2451,ENSG00000204421,LY6G6C
2452,ENSG00000204472,AIF1
2453,ENSG00000204475,NCR3
2454,ENSG00000204482,LST1
2455,ENSG00000204538,PSORS1C2
2456,ENSG00000204539,CDSN
2457,ENSG00000204542,C6orf15
2458,ENSG00000204618,RNF39
2459,ENSG00000204632,HLA-G
2460,ENSG00000204866,IGFL2
2461,ENSG00000204897,KRT25
2462,ENSG00000204936,CD177
2463,ENSG00000204941,PSG5
2464,ENSG00000205020,CCL4L1
2465,ENSG00000205021,CCL3L1
2466,ENSG00000205076,LGALS7
2467,ENSG00000205186,FABP9
2468,ENSG00000205189,ZBTB10
2469,ENSG00000205209,SCGB2B2
2470,ENSG00000205358,MT1H
2471,ENSG00000205362,MT1A
2472,ENSG00000205364,MT1M
2473,ENSG00000205403,CFI
2474,ENSG00000205420,KRT6A
2475,ENSG00000205426,KRT81
2476,ENSG00000205445,KRTAP10-2
2477,ENSG00000205502,C2CD4B
2478,ENSG00000205755,CRLF2
2479,ENSG00000205809,KLRC2
2480,ENSG00000205856,C22orf42
2481,ENSG00000206073,SERPINB4
2482,ENSG00000206150,RNASE13
2483,ENSG00000206172,HBA1
2484,ENSG00000206177,HBM
2485,ENSG00000206384,COL6A6
2486,ENSG00000206538,VGLL3
2487,ENSG00000206579,XKR4
2488,ENSG00000211445,GPX3
2489,ENSG00000211448,DIO2
2490,ENSG00000211455,STK38L
2491,ENSG00000211592,IGKC
2492,ENSG00000211598,IGKV4-1
2493,ENSG00000211599,IGKV5-2
2494,ENSG00000211611,IGKV6-21
2495,ENSG00000211625,IGKV3D-20
2496,ENSG00000211632,IGKV3D-11
2497,ENSG00000211637,IGLV4-69
2498,ENSG00000211638,IGLV8-61
2499,ENSG00000211639,IGLV4-60
2500,ENSG00000211640,IGLV6-57
2501,ENSG00000211642,IGLV10-54
2502,ENSG00000211644,IGLV1-51
2503,ENSG00000211647,IGLV5-48
2504,ENSG00000211648,IGLV1-47
2505,ENSG00000211649,IGLV7-46
2506,ENSG00000211650,IGLV5-45
2507,ENSG00000211651,IGLV1-44
2508,ENSG00000211652,IGLV7-43
2509,ENSG00000211653,IGLV1-40
2510,ENSG00000211655,IGLV1-36
2511,ENSG00000211658,IGLV3-27
2512,ENSG00000211659,IGLV3-25
2513,ENSG00000211660,IGLV2-23
2514,ENSG00000211662,IGLV3-21
2515,ENSG00000211663,IGLV3-19
2516,ENSG00000211664,IGLV2-18
2517,ENSG00000211666,IGLV2-14
2518,ENSG00000211668,IGLV2-11
2519,ENSG00000211669,IGLV3-10
2520,ENSG00000211670,IGLV3-9
2521,ENSG00000211672,IGLV4-3
2522,ENSG00000211673,IGLV3-1
2523,ENSG00000211677,IGLC2
2524,ENSG00000211679,IGLC3
2525,ENSG00000211685,IGLC7
2526,ENSG00000211689,TRGC1
2527,ENSG00000211714,TRBV7-3
2528,ENSG00000211749,TRBV23-1
2529,ENSG00000211751,TRBC1
2530,ENSG00000211753,TRBV28
2531,ENSG00000211772,TRBC2
2532,ENSG00000211780,TRAV6
2533,ENSG00000211797,TRAV17
2534,ENSG00000211800,TRAV20
2535,ENSG00000211829,TRDC
2536,ENSG00000211890,IGHA2
2537,ENSG00000211891,IGHE
2538,ENSG00000211892,IGHG4
2539,ENSG00000211893,IGHG2
2540,ENSG00000211895,IGHA1
2541,ENSG00000211896,IGHG1
2542,ENSG00000211897,IGHG3
2543,ENSG00000211898,IGHD
2544,ENSG00000211899,IGHM
2545,ENSG00000211933,IGHV6-1
2546,ENSG00000211934,IGHV1-2
2547,ENSG00000211935,IGHV1-3
2548,ENSG00000211937,IGHV2-5
2549,ENSG00000211938,IGHV3-7
2550,ENSG00000211941,IGHV3-11
2551,ENSG00000211942,IGHV3-13
2552,ENSG00000211943,IGHV3-15
2553,ENSG00000211945,IGHV1-18
2554,ENSG00000211946,IGHV3-20
2555,ENSG00000211947,IGHV3-21
2556,ENSG00000211949,IGHV3-23
2557,ENSG00000211950,IGHV1-24
2558,ENSG00000211951,IGHV2-26
2559,ENSG00000211952,IGHV4-28
2560,ENSG00000211955,IGHV3-33
2561,ENSG00000211956,IGHV4-34
2562,ENSG00000211959,IGHV4-39
2563,ENSG00000211962,IGHV1-46
2564,ENSG00000211964,IGHV3-48
2565,ENSG00000211965,IGHV3-49
2566,ENSG00000211966,IGHV5-51
2567,ENSG00000211967,IGHV3-53
2568,ENSG00000211968,IGHV1-58
2569,ENSG00000211970,IGHV4-61
2570,ENSG00000211972,IGHV3-66
2571,ENSG00000211973,IGHV1-69
2572,ENSG00000211974,IGHV2-70D
2573,ENSG00000211976,IGHV3-73
2574,ENSG00000212721,KRTAP4-11
2575,ENSG00000212724,KRTAP2-3
2576,ENSG00000212899,KRTAP3-3
2577,ENSG00000212900,KRTAP3-2
2578,ENSG00000213088,ACKR1
2579,ENSG00000213145,CRIP1
2580,ENSG00000213231,TCL1B
2581,ENSG00000213316,LTC4S
2582,ENSG00000213402,PTPRCAP
2583,ENSG00000213416,KRTAP4-12
2584,ENSG00000213494,CCL14
2585,ENSG00000213626,LBH
2586,ENSG00000213694,S1PR3
2587,ENSG00000213759,UGT2B11
2588,ENSG00000213886,UBD
2589,ENSG00000213904,LIPE-AS1
2590,ENSG00000213927,CCL27
2591,ENSG00000213949,ITGA1
2592,ENSG00000214039,LINC02418
2593,ENSG00000214049,UCA1
2594,ENSG00000214063,TSPAN4
2595,ENSG00000214357,NEURL1B
2596,ENSG00000214402,LCNL1
2597,ENSG00000214510,SPINK13
2598,ENSG00000214548,MEG3
2599,ENSG00000215018,COL28A1
2600,ENSG00000215183,MSMP
2601,ENSG00000215644,GCGR
2602,ENSG00000215853,RPTN
2603,ENSG00000216490,IFI30
2604,ENSG00000217128,FNIP1
2605,ENSG00000218336,TENM3
2606,ENSG00000220161,LINC02076
2607,ENSG00000221878,PSG7
2608,ENSG00000221955,SLC12A8
2609,ENSG00000222001,AC106876.2
2610,ENSG00000222037,IGLC6
2611,ENSG00000222041,CYTOR
2612,ENSG00000223350,IGLV9-49
2613,ENSG00000223485,LINC01615
2614,ENSG00000223547,ZNF844
2615,ENSG00000223573,TINCR
2616,ENSG00000223609,HBD
2617,ENSG00000223638,RFPL4A
2618,ENSG00000223648,IGHV3-64
2619,ENSG00000223749,MIR503HG
2620,ENSG00000223784,LINP1
2621,ENSG00000223839,FAM95B1
2622,ENSG00000223865,HLA-DPB1
2623,ENSG00000223969,AC002456.2
2624,ENSG00000224041,IGKV3D-15
2625,ENSG00000224137,LINC01857
2626,ENSG00000224187,LINC01991
2627,ENSG00000224308,LINC01527
2628,ENSG00000224373,IGHV4-59
2629,ENSG00000224397,PELATON
2630,ENSG00000224420,ADM5
2631,ENSG00000224568,LINC01886
2632,ENSG00000224650,IGHV3-74
2633,ENSG00000224743,TEX26-AS1
2634,ENSG00000224821,COL4A2-AS2
2635,ENSG00000224958,PGM5-AS1
2636,ENSG00000224995,LINC01526
2637,ENSG00000225107,AC092484.1
2638,ENSG00000225383,SFTA1P
2639,ENSG00000225611,CCDC13-AS2
2640,ENSG00000225698,IGHV3-72
2641,ENSG00000225745,PLAC4
2642,ENSG00000226197,RP11-536O18.1
2643,ENSG00000226453,LINC02542
2644,ENSG00000226533,BTBD9-AS1
2645,ENSG00000226674,TEX41
2646,ENSG00000226777,FAM30A
2647,ENSG00000226835,ARHGAP29-AS1
2648,ENSG00000226979,LTA
2649,ENSG00000227115,LINC01630
2650,ENSG00000227184,EPPK1
2651,ENSG00000227191,TRGC2
2652,ENSG00000227507,LTB
2653,ENSG00000227591,HSD11B1-AS1
2654,ENSG00000228278,ORM2
2655,ENSG00000228325,IGKV3D-7
2656,ENSG00000229261,RP11-227H15.4
2657,ENSG00000229274,LINC02829
2658,ENSG00000229314,ORM1
2659,ENSG00000229414,KCNQ1-AS1
2660,ENSG00000229425,AJ006998.2
2661,ENSG00000229453,SPINK8
2662,ENSG00000229672,RP11-184A2.3
2663,ENSG00000229921,KIF25-AS1
2664,ENSG00000230138,LINC02812
2665,ENSG00000230316,FEZF1-AS1
2666,ENSG00000230319,TTLL1-AS1
2667,ENSG00000230630,DNM3OS
2668,ENSG00000230873,STMND1
2669,ENSG00000231106,LINC01436
2670,ENSG00000231389,HLA-DPA1
2671,ENSG00000231475,IGHV4-31
2672,ENSG00000231672,DIRC3
2673,ENSG00000231969,MMADHC-DT
2674,ENSG00000232023,LINC01807
2675,ENSG00000232057,AC093390.1
2676,ENSG00000232139,LINC00867
2677,ENSG00000232216,IGHV3-43
2678,ENSG00000232229,LINC00865
2679,ENSG00000232310,LINC03002
2680,ENSG00000232629,HLA-DQB2
2681,ENSG00000232679,LINC01705
2682,ENSG00000232803,SLCO4A1-AS1
2683,ENSG00000232810,TNF
2684,ENSG00000233208,LINC00642
2685,ENSG00000233397,AC008063.3
2686,ENSG00000233608,TWIST2
2687,ENSG00000233755,RP4-799D16.1
2688,ENSG00000233968,RP11-354E11.2
2689,ENSG00000234184,LINC01781
2690,ENSG00000234721,LINC02092
2691,ENSG00000234883,MIR155HG
2692,ENSG00000234906,APOC2
2693,ENSG00000235385,LINC02154
2694,ENSG00000235448,LURAP1L-AS1
2695,ENSG00000235576,LINC01871
2696,ENSG00000235885,LINC01828
2697,ENSG00000235942,LCE6A
2698,ENSG00000236036,LINC00445
2699,ENSG00000236324,SNX9-AS1
2700,ENSG00000236453,AC003092.1
2701,ENSG00000236481,LINC02195
2702,ENSG00000236699,ARHGEF38
2703,ENSG00000236824,BCYRN1
2704,ENSG00000237101,RP11-365O16.6
2705,ENSG00000237166,LINC01792
2706,ENSG00000237330,RNF223
2707,ENSG00000237512,UNC5B-AS1
2708,ENSG00000237541,HLA-DQA2
2709,ENSG00000237596,PDE7B-AS1
2710,ENSG00000237643,LINC01610
2711,ENSG00000237787,LINC02877
2712,ENSG00000237928,NFIA-AS2
2713,ENSG00000238266,LINC00707
2714,ENSG00000239305,RNF103
2715,ENSG00000239819,IGKV1D-8
2716,ENSG00000239855,IGKV1-6
2717,ENSG00000239862,IGKV1-37
2718,ENSG00000239951,IGKV3-20
2719,ENSG00000239961,LILRA4
2720,ENSG00000239975,IGKV1D-33
2721,ENSG00000240350,SOCAR
2722,ENSG00000240382,IGKV1-17
2723,ENSG00000240386,LCE1F
2724,ENSG00000240423,LINC00636
2725,ENSG00000240505,TNFRSF13B
2726,ENSG00000240583,AQP1
2727,ENSG00000240671,IGKV1-8
2728,ENSG00000240864,IGKV1-16
2729,ENSG00000240891,PLCXD2
2730,ENSG00000241106,HLA-DOB
2731,ENSG00000241244,IGKV1D-16
2732,ENSG00000241294,IGKV2-24
2733,ENSG00000241351,IGKV3-11
2734,ENSG00000241479,MECOM-AS1
2735,ENSG00000241566,IGKV2D-24
2736,ENSG00000241755,IGKV1-9
2737,ENSG00000241794,SPRR2A
2738,ENSG00000242221,PSG2
2739,ENSG00000242258,LINC00996
2740,ENSG00000242265,PEG10
2741,ENSG00000242371,IGKV1-39
2742,ENSG00000242534,IGKV2D-28
2743,ENSG00000242574,HLA-DMB
2744,ENSG00000242580,IGKV1D-43
2745,ENSG00000243130,PSG11
2746,ENSG00000243137,PSG4
2747,ENSG00000243238,IGKV2-30
2748,ENSG00000243264,IGKV2D-29
2749,ENSG00000243284,VSIG8
2750,ENSG00000243290,IGKV1-12
2751,ENSG00000243466,IGKV1-5
2752,ENSG00000243550,LINC01214
2753,ENSG00000243649,CFB
2754,ENSG00000244057,LCE3C
2755,ENSG00000244094,SPRR2F
2756,ENSG00000244355,LY6G6D
2757,ENSG00000244414,CFHR1
2758,ENSG00000244437,IGKV3-15
2759,ENSG00000244468,TM4SF18-AS1
2760,ENSG00000244575,IGKV1-27
2761,ENSG00000244617,ASPRV1
2762,ENSG00000244734,HBB
2763,ENSG00000245750,DRAIC
2764,ENSG00000245848,CEBPA
2765,ENSG00000246430,LINC00968
2766,ENSG00000248112,RP11-78C3.1
2767,ENSG00000248187,RP11-184M15.1
2768,ENSG00000248323,LUCAT1
2769,ENSG00000248730,EGFLAM-AS4
2770,ENSG00000248927,CTD-2334D19.1
2771,ENSG00000249082,EPIST
2772,ENSG00000249242,TMEM150C
2773,ENSG00000249381,LINC00500
2774,ENSG00000249437,NAIP
2775,ENSG00000249669,CARMN
2776,ENSG00000249740,OSMR-DT
2777,ENSG00000249751,ECSCR
2778,ENSG00000249790,LINC02972
2779,ENSG00000249898,MCPH1-AS1
2780,ENSG00000249937,LINC02223
2781,ENSG00000249992,TMEM158
2782,ENSG00000250036,IGKV1D-37
2783,ENSG00000250266,LINC01612
2784,ENSG00000250337,PURPL
2785,ENSG00000250390,RP11-338H14.1
2786,ENSG00000250497,AC007126.1
2787,ENSG00000250620,LINC02515
2788,ENSG00000250626,RP11-756P10.2
2789,ENSG00000250641,LY6G6F-LY6G6D
2790,ENSG00000250722,SELENOP
2791,ENSG00000251088,RP11-325B23.2
2792,ENSG00000251230,MIR3945HG
2793,ENSG00000251301,LINC02384
2794,ENSG00000251322,SHANK3
2795,ENSG00000251546,IGKV1D-39
2796,ENSG00000251616,RP11-485M7.3
2797,ENSG00000253132,IGHV3-62
2798,ENSG00000253154,CTA-392E5.1
2799,ENSG00000253239,IGLVI-70
2800,ENSG00000253276,CCDC71L
2801,ENSG00000253364,COPDA1
2802,ENSG00000253545,IGHV3-52
2803,ENSG00000253557,RP11-1080G15.1
2804,ENSG00000253585,KB-1184D12.1
2805,ENSG00000253701,AL928768.3
2806,ENSG00000253755,IGHGP
2807,ENSG00000253989,IGHVIII-38-1
2808,ENSG00000253998,IGKV2-29
2809,ENSG00000254030,IGLC5
2810,ENSG00000254046,IGHV1-17
2811,ENSG00000254056,IGHV3-71
2812,ENSG00000254087,LYN
2813,ENSG00000254211,LINC01485
2814,ENSG00000254395,IGHV4-55
2815,ENSG00000254664,CTD-2560E9.3
2816,ENSG00000254709,IGLL5
2817,ENSG00000255021,RP11-536I6.2
2818,ENSG00000255045,RP11-677M14.2
2819,ENSG00000255146,RP11-659P15.1
2820,ENSG00000255414,LINC01059
2821,ENSG00000255494,LINC00681
2822,ENSG00000255501,CARD18
2823,ENSG00000255823,MTRNR2L8
2824,ENSG00000255833,TIFAB
2825,ENSG00000255874,PRECSIT
2826,ENSG00000256039,LINC02446
2827,ENSG00000256234,ITPR2-AS1
2828,ENSG00000256292,LINC02376
2829,ENSG00000256463,SALL3
2830,ENSG00000256515,CCL3L3
2831,ENSG00000256618,MTRNR2L1
2832,ENSG00000256699,TMEM132D-AS2
2833,ENSG00000256870,SLC5A8
2834,ENSG00000257017,HP
2835,ENSG00000257588,AQP5-AS1
2836,ENSG00000257732,RP11-818F20.5
2837,ENSG00000257764,RP11-1143G9.4
2838,ENSG00000258227,CLEC5A
2839,ENSG00000258279,LINC00592
2840,ENSG00000258486,RN7SL1
2841,ENSG00000258667,HIF1A-AS3
2842,ENSG00000258791,LINC00520
2843,ENSG00000258959,RP11-1017G21.4
2844,ENSG00000259001,RPPH1
2845,ENSG00000259207,ITGB3
2846,ENSG00000259225,LINC02345
2847,ENSG00000259281,LINGO1-AS2
2848,ENSG00000259322,RP11-762H8.1
2849,ENSG00000259342,RP11-519G16.5
2850,ENSG00000259490,IGHV3OR15-7
2851,ENSG00000259527,LINC00052
2852,ENSG00000259590,LINC02244
2853,ENSG00000259680,IGHV3OR16-17
2854,ENSG00000259772,LINC03034
2855,ENSG00000260186,LINC02137
2856,ENSG00000260239,LINC02533
2857,ENSG00000260314,MRC1
2858,ENSG00000260428,SCX
2859,ENSG00000260454,LINC02957
2860,ENSG00000260458,KCNJ18
2861,ENSG00000260673,RP4-529N6.2
2862,ENSG00000261039,LINC02544
2863,ENSG00000261150,EPPK1
2864,ENSG00000261210,CLEC19A
2865,ENSG00000261371,PECAM1
2866,ENSG00000261609,GAN
2867,ENSG00000261786,RP4-555D20.2
2868,ENSG00000261857,MIA
2869,ENSG00000261889,RP11-473M20.16
2870,ENSG00000262406,MMP12
2871,ENSG00000262655,SPON1
2872,ENSG00000263429,TMEM238L
2873,ENSG00000263934,SNORD3A
2874,ENSG00000263961,RHEX
2875,ENSG00000264230,ANXA8L1
2876,ENSG00000264868,CTB-167B5.2
2877,ENSG00000265107,GJA5
2878,ENSG00000265369,PCAT18
2879,ENSG00000265972,TXNIP
2880,ENSG00000266088,RP5-1028K7.2
2881,ENSG00000266412,NCOA4
2882,ENSG00000266524,GDF10
2883,ENSG00000266964,FXYD1
2884,ENSG00000267107,PCAT19
2885,ENSG00000267206,LCN6
2886,ENSG00000267308,UCA1-AS1
2887,ENSG00000267391,MIR122HG
2888,ENSG00000267462,RP11-866E20.3
2889,ENSG00000267535,LINC00868
2890,ENSG00000267712,LINC01539
2891,ENSG00000267924,RP11-255H23.4
2892,ENSG00000268089,GABRQ
2893,ENSG00000268104,SLC6A14
2894,ENSG00000268307,LINC02560
2895,ENSG00000268621,IGFL2-AS1
2896,ENSG00000268628,AL121761.2
2897,ENSG00000268658,LINC00664
2898,ENSG00000268734,CTB-61M7.2
2899,ENSG00000268751,SCGB1B2P
2900,ENSG00000269028,MTRNR2L12
2901,ENSG00000269053,CTD-2521M24.8
2902,ENSG00000269289,CTB-92J24.3
2903,ENSG00000269404,SPIB
2904,ENSG00000269600,AC016629.3
2905,ENSG00000269741,KLK9
2906,ENSG00000269821,KCNQ1OT1
2907,ENSG00000269900,RMRP
2908,ENSG00000269927,RP6-91H8.3
2909,ENSG00000269928,RP11-849F2.8
2910,ENSG00000269936,MIR145
2911,ENSG00000270081,RP5-935K16.1
2912,ENSG00000270164,LINC01480
2913,ENSG00000270547,LINC01235
2914,ENSG00000270550,IGHV3-30
2915,ENSG00000270629,NBPF14
2916,ENSG00000270972,RP11-326C3.15
2917,ENSG00000270999,IGKV1OR2-118
2918,ENSG00000271130,IGHV3OR16-8
2919,ENSG00000271216,LINC01050
2920,ENSG00000271503,CCL5
2921,ENSG00000271743,CTD-2541M15.3
2922,ENSG00000271933,RP11-338I21.1
2923,ENSG00000271952,LINC01954
2924,ENSG00000272196,HIST2H2AA3
2925,ENSG00000272235,RP11-22L13.1
2926,ENSG00000272398,CD24
2927,ENSG00000272549,LINC02538
2928,ENSG00000272761,RP11-572C15.6
2929,ENSG00000272841,MAP3K4-AS1
2930,ENSG00000273132,RP11-350J20.12
2931,ENSG00000273415,LINC02725
2932,ENSG00000273559,CWC25
2933,ENSG00000273599,ENSG00000273599
2934,ENSG00000273604,EPOP
2935,ENSG00000273706,LHX1
2936,ENSG00000273802,H2BC8
2937,ENSG00000273983,H3C8
2938,ENSG00000274180,NATD1
2939,ENSG00000274213,ENSG00000274213
2940,ENSG00000274267,ENSG00000274267
2941,ENSG00000274286,ADRA2B
2942,ENSG00000274576,IGHV2-70
2943,ENSG00000274736,CCL23
2944,ENSG00000274997,H2AC12
2945,ENSG00000275063,ENSG00000275063
2946,ENSG00000275216,ENSG00000275216
2947,ENSG00000275302,CCL4
2948,ENSG00000275385,CCL18
2949,ENSG00000275395,FCGBP
2950,ENSG00000275743,TRBV14
2951,ENSG00000276023,DUSP14
2952,ENSG00000276043,UHRF1
2953,ENSG00000276070,CCL4L2
2954,ENSG00000276085,CCL3L3
2955,ENSG00000276210,LINC00226
2956,ENSG00000276368,H2AC14
2957,ENSG00000276408,ENSG00000276408
2958,ENSG00000276409,CCL14
2959,ENSG00000276462,LINC03025
2960,ENSG00000276557,TRBV18
2961,ENSG00000276566,IGKV1D-13
2962,ENSG00000276600,RAB7B
2963,ENSG00000276775,IGHV4-4
2964,ENSG00000276850,ENSG00000276850
2965,ENSG00000276900,ENSG00000276900
2966,ENSG00000276903,H2AC16
2967,ENSG00000277013,SUNO1
2968,ENSG00000277075,H2AC8
2969,ENSG00000277443,MARCKS
2970,ENSG00000277482,ENSG00000277482
2971,ENSG00000277632,CCL3
2972,ENSG00000277734,TRAC
2973,ENSG00000277775,H3C7
2974,ENSG00000277836,ENSG00000277836
2975,ENSG00000277856,ENSG00000277856
2976,ENSG00000278196,IGLV2-8
2977,ENSG00000278272,ENSG00000278272
2978,ENSG00000278518,ENSG00000278518
2979,ENSG00000278677,H2AC17
2980,ENSG00000278961,ENSG00000278961
2981,ENSG00000280411,IGHV1-69D
2982,ENSG00000280721,LINC01943
2983,ENSG00000281162,LINC01127
2984,ENSG00000281990,IGHV1-69-2
2985,ENSG00000282033,ENSG00000282033
2986,ENSG00000282057,ENSG00000282057
2987,ENSG00000282600,IGHV3-69-1
2988,ENSG00000282639,IGHV3-64D
2989,ENSG00000282988,ENSG00000282988
2990,ENSG00000283063,TRBV6-2
2991,ENSG00000283071,LBHD2
2992,ENSG00000283078,ENSG00000283078
2993,ENSG00000283227,SPRR5
2994,ENSG00000283265,ENSG00000283265
2995,ENSG00000283646,LINC02009
2996,ENSG00000284668,LINC02780
2997,ENSG00000284681,ENSG00000284681
2998,ENSG00000284823,ENSG00000284823
2999,ENSG00000285130,ENSG00000285130
