{
    "DC Major": [
        "HLA-DRA",
        "HLA-DQB1",
        "HLA-DPB1",
        "GPR183",
        "CD74",
        "HLA-DQA1",
        "HLA-DPA1",
        "HLA-DRB1",
        "HLA-DRB5",
        "HLA-DMA",
        "RGS1",
        "CD83"
    ],
    "FB Major": [
        "MMP2",
        "TNFAIP6",
        "C1S",
        "COL6A2",
        "DCN",
        "NNMT",
        "C1R",
        "COL6A1",
        "CFH",
        "CFD"
    ],
    "ILC": [
        "KLRB1",
        "PTPRC",
        "SRGN",
        "CD69"
    ],
    "Inf_mac_gene": [
        "CXCL8",
        "CD83",
        "SERPINB9",
        "REL",
        "HLA-DRA",
        "C15orf48",
        "HLA-DPB1",
        "CCL22",
        "HLA-DQA1",
        "MYO1G",
        "CSF2RA",
        "GPR183",
        "FAM49A",
        "HLA-DRB1",
        "CCR7",
        "MIR155HG",
        "CD74",
        "KYNU",
        "MAP4K4",
        "SAT1",
        "RGS1",
        "HLA-DPA1",
        "SAMSN1",
        "GPR157",
        "CST7",
        "ST8SIA4",
        "BCAT1"
    ],
    "LC": [
        "HLA-DQB2",
        "HLA-DQB1",
        "ACOT7",
        "HLA-DPB1",
        "HLA-DRA",
        "CD74",
        "HLA-DPA1",
        "HLA-DRB1",
        "HLA-DQA1",
        "HLA-DRB5",
        "CD83"
    ],
    "LE": [
        "CCL21",
        "TFF3",
        "TFPI",
        "CLDN5",
        "MMRN1",
        "TM4SF1",
        "IGFBP7",
        "PPFIBP1",
        "NNMT"
    ],
    "Mast_cell_gene": [
        "TPSB2",
        "TPSAB1",
        "HPGDS",
        "HPGD",
        "CTSG",
        "CPA3",
        "IL1RL1",
        "LAT",
        "HDC",
        "FCER1G",
        "VWA5A",
        "GATA2",
        "S100A4",
        "KIT",
        "RAC2",
        "GLUL",
        "RGS13",
        "RGS2",
        "MS4A2",
        "LAPTM5",
        "CMA1",
        "RARRES1",
        "GCSAML"
    ],
    "Macro": [
        "RNASE1",
        "FCER1G",
        "TYROBP",
        "CD68",
        "EMP3",
        "CTSZ",
        "HLA-DRA",
        "CXCL8"
    ],
    "Melanocyte": [
        "MLANA",
        "DCT",
        "PMEL",
        "TYRP1",
        "CDC42EP3",
        "MITF",
        "QPCT",
        "VIM",
        "PLP1",
        "CAPN3",
        "GPM6B",
        "KIT",
        "APOE",
        "TYR",
        "CYB561A3",
        "PCSK2",
        "PMP22",
        "TRPM1",
        "IGFBP7",
        "RAB32",
        "STMN1",
        "EMP3",
        "CRABP1",
        "ST3GAL4",
        "INPP4B",
        "BCAN",
        "GPR143"
    ],
    "NK": [
        "NKG7",
        "GNLY",
        "GZMB",
        "KLRB1",
        "CD7",
        "CD247",
        "KLRD1",
        "PRF1",
        "GZMA",
        "CMC1",
        "CCL5",
        "CCL4",
        "PYHIN1",
        "PTPRC",
        "FCER1G",
        "CST7",
        "RAC2",
        "ITGB2",
        "CTSW",
        "CD48",
        "FCGR3A",
        "SH2D1B",
        "FGFBP2",
        "HCST",
        "PLAC8",
        "WIPF1",
        "GZMH",
        "SH2D2A"
    ],
    "pericyte": [
        "CALD1",
        "RGS5",
        "MGP",
        "IGFBP7"
    ],
    "plasma": [
        "IGKC",
        "IGHA1",
        "HERPUD1",
        "HSPA1B",
        "MZB1",
        "HSPA1A",
        "CYBA",
        "IGHG1",
        "FKBP11",
        "CD79A",
        "SEC11C",
        "IGLC2",
        "DERL3",
        "IGHG3",
        "CYTIP",
        "CXCR4",
        "PIM2",
        "DNAJB1",
        "LY9",
        "CD27",
        "TMEM156",
        "ANKRD28"
    ],
    "Differentiated KC": [
        "DMKN",
        "KRT1",
        "S100A14",
        "DSP",
        "SFN",
        "KRTDAP",
        "PERP",
        "LY6D",
        "LGALS7B",
        "DSC3",
        "CLDN1",
        "JUP",
        "SERPINB5",
        "AQP3",
        "SBSN",
        "IRF6",
        "CCL27",
        "LYPD3",
        "S100A16",
        "TACSTD2",
        "FXYD3",
        "RHOV",
        "DSG1",
        "CSTA",
        "FGFBP1",
        "PKP1"
    ],
    "Undifferentiated_KC_gene": [
        "KRT14",
        "KRT5",
        "S100A2",
        "COL17A1",
        "DST",
        "KRT15",
        "SFN",
        "POSTN",
        "PERP",
        "SERPINB2",
        "CXCL14",
        "SERPINB5",
        "CCL27",
        "RND3",
        "DSP",
        "DSC3",
        "C19orf33",
        "LGALS7B",
        "IL18",
        "HOPX",
        "CAV1",
        "TACSTD2",
        "TNFRSF12A",
        "LIMA1",
        "CLDN1",
        "FXYD3",
        "IGFBP3"
    ],
    "Schwann": [
        "ID3",
        "PRRX1"
    ],
    "Tc_gene": [
        "CD7",
        "PTPRC",
        "CD3D",
        "JAML",
        "ARHGDIB",
        "CLEC2D",
        "CD3E",
        "CD69",
        "CD8A",
        "CXCR4",
        "RAC2",
        "SRGN",
        "CD96",
        "TSC22D3",
        "CD52",
        "CD2",
        "TRBC2",
        "CD48",
        "TRAC",
        "LCK",
        "LAPTM5",
        "CCL5",
        "LEPROTL1",
        "CTSW",
        "IFITM2",
        "CYBA",
        "NKG7"
    ],
    "Th_gene": [
        "PTPRC",
        "IL7R",
        "TSC22D3",
        "CD3E",
        "BATF",
        "ARHGDIB",
        "CXCR4",
        "NR3C1",
        "LEPROTL1",
        "LAPTM5",
        "FYB1",
        "EVL",
        "SPOCK2",
        "CD96",
        "CD37",
        "CD2",
        "CD52",
        "TRAT1",
        "EML4",
        "JAML",
        "CD3D",
        "CD69",
        "TXNIP",
        "LTB",
        "ALOX5AP",
        "TRBC2",
        "ZFP36L2"
    ],
    "Treg_gene": [
        "CD3E",
        "CD247",
        "ARHGDIB",
        "BATF",
        "TIGIT",
        "PTPRC",
        "LCK",
        "CD3D",
        "PBXIP1",
        "TSC22D3",
        "CD52",
        "CD7",
        "EVL",
        "CD2",
        "SPOCK2",
        "CLEC2D",
        "CD27",
        "FYB1",
        "S100A4",
        "CD37",
        "CTLA4",
        "TRBC2",
        "CARD16",
        "TRAC",
        "LEPROTL1",
        "IL32",
        "CTSC",
        "LAT"
    ],
    "moDC": [
        "CCR7",
        "CCL22",
        "TYROBP",
        "CSF2RA",
        "HLA-DPB1",
        "LAMP3",
        "CD74",
        "MYO1G",
        "IDO1"
    ],
    "Proliferating KC": [
        "KRT5",
        "MT1X",
        "KRT14",
        "LGALS7B",
        "LY6D",
        "DMKN",
        "CCL27",
        "HOPX",
        "TPPP3",
        "KRT1",
        "CXCL14",
        "MT1E",
        "PERP",
        "FXYD3",
        "DSP",
        "SFN",
        "S100A14",
        "AQP3",
        "S100A2",
        "COL17A1",
        "MT1G",
        "SERPINB5",
        "DSC3",
        "MT2A"
    ],
    "B Cell": [
        "MS4A1",
        "CD79A",
        "IGHM",
        "IGHD"
    ]
}